[{"model": "admin.logentry", "pk": 1, "fields": {"action_time": "2023-06-29T14:28:14.226Z", "user": 7, "content_type": 11, "object_id": "8", "object_repr": "╧ЁюЁ√т т IT: 2011 ┬ ¤Єюь уюфє IBM шёяюыэ хЄё  100 ыхЄ. ╩юьярэш  яЁшфєьрыр ьэюуюх, юЄ UPC-ъюфют ъ ёшёЄхьрь сЁюэшЁютрэш  ртшрсшыхЄют фю ь¤щэЇЁхщьют ш яхЁёюэры№э√ї ъюья№■ЄхЁют. ═р яЁюЄ цхэшш яюёыхфэшї 17", "action_flag": 3, "change_message": ""}}, {"model": "admin.logentry", "pk": 2, "fields": {"action_time": "2023-06-29T14:28:14.234Z", "user": 7, "content_type": 11, "object_id": "1", "object_repr": "╧ЁюЁ√т т IT: 2011 ┬ ¤Єюь уюфє IBM шёяюыэ хЄё  100 ыхЄ. ╩юьярэш  яЁшфєьрыр ьэюуюх, юЄ UPC-ъюфют ъ ёшёЄхьрь сЁюэшЁютрэш  ртшрсшыхЄют фю ь¤щэЇЁхщьют ш яхЁёюэры№э√ї ъюья№■ЄхЁют. ═р яЁюЄ цхэшш яюёыхфэшї 17", "action_flag": 3, "change_message": ""}}, {"model": "admin.logentry", "pk": 3, "fields": {"action_time": "2023-06-29T14:28:48.496Z", "user": 7, "content_type": 11, "object_id": "4", "object_repr": "╥Ёрья: ╥Ёрьяярьярь: ╥Ёрья: ╥Ёрьяярьярь", "action_flag": 2, "change_message": "[{\"changed\": {\"fields\": [\"Text comment\"]}}]"}}, {"model": "admin.logentry", "pk": 4, "fields": {"action_time": "2023-06-29T14:32:02.445Z", "user": 7, "content_type": 4, "object_id": "6", "object_repr": "Ilia", "action_flag": 2, "change_message": "[{\"changed\": {\"fields\": [\"First name\", \"Last name\", \"Email address\", \"Staff status\", \"User permissions\", \"Last login\"]}}]"}}, {"model": "admin.logentry", "pk": 5, "fields": {"action_time": "2023-06-29T14:32:06.815Z", "user": 7, "content_type": 7, "object_id": "4", "object_repr": "Ilia ", "action_flag": 2, "change_message": "[{\"changed\": {\"fields\": [\"Rating author\"]}}]"}}, {"model": "admin.logentry", "pk": 6, "fields": {"action_time": "2023-06-29T14:32:45.122Z", "user": 7, "content_type": 9, "object_id": "1", "object_repr": "╧ЁюЁ√т т IT: 2011 ┬ ¤Єюь уюфє IBM шёяюыэ хЄё  100 ыхЄ. ╩юьярэш  яЁшфєьрыр ьэюуюх, юЄ UPC-ъюфют ъ ёшёЄхьрь сЁюэшЁютрэш  ртшрсшыхЄют фю ь¤щэЇЁхщьют ш яхЁёюэры№э√ї ъюья№■ЄхЁют. ═р яЁюЄ цхэшш яюёыхфэшї 17", "action_flag": 3, "change_message": ""}}, {"model": "admin.logentry", "pk": 7, "fields": {"action_time": "2023-06-29T14:34:55.601Z", "user": 7, "content_type": 4, "object_id": "8", "object_repr": "Grigiry", "action_flag": 1, "change_message": "[{\"added\": {}}]"}}, {"model": "admin.logentry", "pk": 8, "fields": {"action_time": "2023-06-29T14:35:00.635Z", "user": 7, "content_type": 7, "object_id": "5", "object_repr": "Grigiry ", "action_flag": 1, "change_message": "[{\"added\": {}}]"}}, {"model": "admin.logentry", "pk": 9, "fields": {"action_time": "2023-06-29T14:35:13.340Z", "user": 7, "content_type": 7, "object_id": "5", "object_repr": "Grigiry ", "action_flag": 2, "change_message": "[{\"changed\": {\"fields\": [\"Rating author\"]}}]"}}, {"model": "admin.logentry", "pk": 10, "fields": {"action_time": "2023-06-29T14:38:02.195Z", "user": 7, "content_type": 11, "object_id": "13", "object_repr": "┴юъё: ╧хЁўрЄъш: ┴юъё: ╧хЁўрЄъш", "action_flag": 1, "change_message": "[{\"added\": {}}]"}}, {"model": "admin.logentry", "pk": 11, "fields": {"action_time": "2023-06-29T14:38:50.415Z", "user": 7, "content_type": 9, "object_id": "2", "object_repr": "Ё√ср: яютхфхэшх Ё√с√", "action_flag": 2, "change_message": "[{\"changed\": {\"fields\": [\"Text\"]}}]"}}, {"model": "admin.logentry", "pk": 12, "fields": {"action_time": "2023-06-29T14:38:59.382Z", "user": 7, "content_type": 11, "object_id": "12", "object_repr": "Ё√ср: яютхфхэшх Ё√с√: Ё√ср: яютхфхэшх Ё√с√", "action_flag": 2, "change_message": "[{\"changed\": {\"fields\": [\"Text comment\", \"Rating\"]}}]"}}, {"model": "admin.logentry", "pk": 13, "fields": {"action_time": "2023-06-30T09:14:29.230Z", "user": 7, "content_type": 9, "object_id": "4", "object_repr": "╥Ёрья: ┬└╪╚═├╥╬═, 30 ш■э - ╨╚└ ═ютюёЄш. ┴√т°шщ рьхЁшърэёъшщ яЁхчшфхэЄ ─юэры№ф ╥Ёрья чр тшы т шэЄхЁт№■ рухэЄёЄтє ╨хщЄхЁ, ўЄю ╤╪└ яюЁр яЁхфяЁшэ Є№ яюя√Єъє яЁштхёЄш ╨юёёш■ ш ╙ъЁршэє ъ ьшЁє, эх шёъы■ўшт Є", "action_flag": 2, "change_message": "[{\"changed\": {\"fields\": [\"Text\"]}}]"}}, {"model": "admin.logentry", "pk": 14, "fields": {"action_time": "2023-06-30T09:16:17.560Z", "user": 7, "content_type": 9, "object_id": "3", "object_repr": "┴юъё: ╩юэЄръЄэ√щ тшф ёяюЁЄр, хфшэюсюЁёЄтю, т ъюЄюЁюь ёяюЁЄёьхэ√ эрэюё Є фЁєу фЁєує єфрЁ√ ъєырърьш юс√ўэю т ёяхЎшры№э√ї яхЁўрЄърї. ╨хЇхЁш ъюэЄЁюышЁєхЄ сющ, ъюЄюЁ√щ фышЄё  фю 12 Ёрєэфют. ╧юсхфр яЁшётршт", "action_flag": 2, "change_message": "[{\"changed\": {\"fields\": [\"Text\", \"Rating\"]}}]"}}, {"model": "admin.logentry", "pk": 15, "fields": {"action_time": "2023-06-30T09:16:24.037Z", "user": 7, "content_type": 9, "object_id": "4", "object_repr": "╥Ёрья: ┬└╪╚═├╥╬═, 30 ш■э - ╨╚└ ═ютюёЄш. ┴√т°шщ рьхЁшърэёъшщ яЁхчшфхэЄ ─юэры№ф ╥Ёрья чр тшы т шэЄхЁт№■ рухэЄёЄтє ╨хщЄхЁ, ўЄю ╤╪└ яюЁр яЁхфяЁшэ Є№ яюя√Єъє яЁштхёЄш ╨юёёш■ ш ╙ъЁршэє ъ ьшЁє, эх шёъы■ўшт Є", "action_flag": 2, "change_message": "[]"}}, {"model": "admin.logentry", "pk": 16, "fields": {"action_time": "2023-06-30T09:16:31.859Z", "user": 7, "content_type": 9, "object_id": "3", "object_repr": "┴юъё: ╩юэЄръЄэ√щ тшф ёяюЁЄр, хфшэюсюЁёЄтю, т ъюЄюЁюь ёяюЁЄёьхэ√ эрэюё Є фЁєу фЁєує єфрЁ√ ъєырърьш юс√ўэю т ёяхЎшры№э√ї яхЁўрЄърї. ╨хЇхЁш ъюэЄЁюышЁєхЄ сющ, ъюЄюЁ√щ фышЄё  фю 12 Ёрєэфют. ╧юсхфр яЁшётршт", "action_flag": 2, "change_message": "[]"}}, {"model": "admin.logentry", "pk": 17, "fields": {"action_time": "2023-06-30T09:16:34.949Z", "user": 7, "content_type": 9, "object_id": "4", "object_repr": "╥Ёрья: ┬└╪╚═├╥╬═, 30 ш■э - ╨╚└ ═ютюёЄш. ┴√т°шщ рьхЁшърэёъшщ яЁхчшфхэЄ ─юэры№ф ╥Ёрья чр тшы т шэЄхЁт№■ рухэЄёЄтє ╨хщЄхЁ, ўЄю ╤╪└ яюЁр яЁхфяЁшэ Є№ яюя√Єъє яЁштхёЄш ╨юёёш■ ш ╙ъЁршэє ъ ьшЁє, эх шёъы■ўшт Є", "action_flag": 2, "change_message": "[]"}}, {"model": "admin.logentry", "pk": 18, "fields": {"action_time": "2023-06-30T09:18:58.662Z", "user": 7, "content_type": 9, "object_id": "2", "object_repr": "═єфышэу: ╧ю тшыё  эр ■ух ╤╪└, ш  ты хЄё  ьхЄюфюь ыютыш ёюьр уюы√ьш Ёєърьш. ═єфышэу т эрёЄю ∙хх тЁхь  ЁрчЁх°╕э т юфшээрфЎрЄш °ЄрЄрї ╤╪└. ╥хЁьшэ л═єфышэу╗, їюЄ  ш шёяюы№чєхЄё  яЁш ыютых ёюьр, ьюцхЄ яЁшь", "action_flag": 2, "change_message": "[{\"changed\": {\"fields\": [\"Article title\", \"Text\"]}}]"}}, {"model": "admin.logentry", "pk": 19, "fields": {"action_time": "2023-06-30T09:21:39.610Z", "user": 7, "content_type": 9, "object_id": "5", "object_repr": "Marketguru: ▌Єю яЁшыюцхэшх с√ыю ёючфрэю, ўЄюс√ яюьюў№ рэрышчшЁютрЄ№ ьрЁъхЄяыхщё√, ш эрщЄш эршсюыхх т√уюфэ√х эш°ш фы  ЁрчтшЄш  сшчэхёр. ╬эю яЁхфюёЄрты хЄ тючьюцэюёЄ№ шчєўшЄ№ ръЄєры№э√х ЄЁхэф√, ёяырэшЁю", "action_flag": 1, "change_message": "[{\"added\": {}}]"}}, {"model": "admin.logentry", "pk": 20, "fields": {"action_time": "2023-06-30T09:53:23.309Z", "user": 7, "content_type": 7, "object_id": "5", "object_repr": "Grigiry", "action_flag": 2, "change_message": "[{\"changed\": {\"fields\": [\"Rating author\"]}}]"}}, {"model": "admin.logentry", "pk": 21, "fields": {"action_time": "2023-06-30T10:36:58.056Z", "user": 7, "content_type": 9, "object_id": "2", "object_repr": "═єфышэу: ╧ю тшыё  эр ■ух ╤╪└, ш  ты хЄё  ьхЄюфюь ыютыш ёюьр уюы√ьш Ёєърьш. ═єфышэу т эрёЄю ∙хх тЁхь  ЁрчЁх°╕э т юфшээрфЎрЄш °ЄрЄрї ╤╪└. ╥хЁьшэ л═єфышэу╗, їюЄ  ш шёяюы№чєхЄё  яЁш ыютых ёюьр, ьюцхЄ яЁшь", "action_flag": 2, "change_message": "[]"}}, {"model": "admin.logentry", "pk": 22, "fields": {"action_time": "2023-06-30T10:56:27.066Z", "user": 7, "content_type": 9, "object_id": "2", "object_repr": "═єфышэу: ╧ю тшыё  эр ■ух ╤╪└, ш  ты хЄё  ьхЄюфюь ыютыш ёюьр уюы√ьш Ёєърьш. ═єфышэу т эрёЄю ∙хх тЁхь  ЁрчЁх°╕э т юфшээрфЎрЄш °ЄрЄрї ╤╪└. ╥хЁьшэ л═єфышэу╗, їюЄ  ш шёяюы№чєхЄё  яЁш ыютых ёюьр, ьюцхЄ яЁшь", "action_flag": 2, "change_message": "[]"}}, {"model": "admin.logentry", "pk": 23, "fields": {"action_time": "2023-06-30T10:57:55.693Z", "user": 7, "content_type": 9, "object_id": "6", "object_repr": "╓рЁ№уЁрф: ┬ырёЄш яхЁхфрфєЄ л╒юутрЁЄё╗ эр эрсхЁхцэющ Ёхъш ╩єсрэ№ эр срырэё л╩ЁрёэюфрЁёъшї ярЁъют╗\r\n┬ырёЄш ╩ЁрёэюфрЁр яхЁхфрфєЄ эхфюёЄЁющ эр ╟рЄюэх ╠┴╙╩ л╩ЁрёэюфрЁёъшх ярЁъш╗.\r\nBFM ╩єсрэ№\r\n┬шф ЁрчЁх°хээ", "action_flag": 1, "change_message": "[{\"added\": {}}]"}}, {"model": "admin.logentry", "pk": 24, "fields": {"action_time": "2023-06-30T10:58:43.825Z", "user": 7, "content_type": 9, "object_id": "3", "object_repr": "┴юъё: ╩юэЄръЄэ√щ тшф ёяюЁЄр, хфшэюсюЁёЄтю, т ъюЄюЁюь ёяюЁЄёьхэ√ эрэюё Є фЁєу фЁєує єфрЁ√ ъєырърьш юс√ўэю т ёяхЎшры№э√ї яхЁўрЄърї. ╨хЇхЁш ъюэЄЁюышЁєхЄ сющ, ъюЄюЁ√щ фышЄё  фю 12 Ёрєэфют. ╧юсхфр яЁшётршт", "action_flag": 3, "change_message": ""}}, {"model": "admin.logentry", "pk": 25, "fields": {"action_time": "2023-06-30T11:31:14.315Z", "user": 7, "content_type": 9, "object_id": "7", "object_repr": "╩ЁрёэюфрЁЎ√ эх фр■Є Ё¤яхЁє PLC яюёЄЁюшЄ№ ёяюЁЄштэє■ яыю∙рфъє: ╨¤яхЁ PLC (эрёЄю ∙хх шь  ╤хЁухщ ╥Ёє∙хт) їюЄхы сыруюєёЄЁюшЄ№ ёяюЁЄяыю∙рфъє тю фтюЁх фюьр т ╩ЁрёэюфрЁх, уфх Ёрэхх ёэшьры ъышя. ╬с ¤Єюь ёююс∙", "action_flag": 1, "change_message": "[{\"added\": {}}]"}}, {"model": "admin.logentry", "pk": 26, "fields": {"action_time": "2023-07-03T13:38:19.981Z", "user": 7, "content_type": 4, "object_id": "9", "object_repr": "Sergo", "action_flag": 1, "change_message": "[{\"added\": {}}]"}}, {"model": "admin.logentry", "pk": 27, "fields": {"action_time": "2023-07-03T13:38:22.193Z", "user": 7, "content_type": 7, "object_id": "6", "object_repr": "Sergo", "action_flag": 1, "change_message": "[{\"added\": {}}]"}}, {"model": "admin.logentry", "pk": 28, "fields": {"action_time": "2023-07-03T13:38:42.867Z", "user": 7, "content_type": 4, "object_id": "10", "object_repr": "Yli", "action_flag": 1, "change_message": "[{\"added\": {}}]"}}, {"model": "admin.logentry", "pk": 29, "fields": {"action_time": "2023-07-03T13:38:54.784Z", "user": 7, "content_type": 4, "object_id": "11", "object_repr": "Bill", "action_flag": 1, "change_message": "[{\"added\": {}}]"}}, {"model": "admin.logentry", "pk": 30, "fields": {"action_time": "2023-07-03T13:39:28.668Z", "user": 7, "content_type": 4, "object_id": "12", "object_repr": "Leha", "action_flag": 1, "change_message": "[{\"added\": {}}]"}}, {"model": "admin.logentry", "pk": 31, "fields": {"action_time": "2023-07-03T13:40:44.393Z", "user": 7, "content_type": 11, "object_id": "12", "object_repr": "═єфышэу: ╧ю тшыё  эр ■ух ╤╪└, ш  ты хЄё  ьхЄюфюь ыютыш ёюьр уюы√ьш Ёєърьш. ═єфышэу т эрёЄю ∙хх тЁхь  ЁрчЁх°╕э т юфшээрфЎрЄш °ЄрЄрї ╤╪└. ╥хЁьшэ л═єфышэу╗, їюЄ  ш шёяюы№чєхЄё  яЁш ыютых ёюьр, ьюцхЄ яЁшь", "action_flag": 2, "change_message": "[{\"changed\": {\"fields\": [\"Comment user\", \"Rating\"]}}]"}}, {"model": "admin.logentry", "pk": 32, "fields": {"action_time": "2023-07-03T13:42:50.267Z", "user": 7, "content_type": 9, "object_id": "8", "object_repr": "╚эЄхЁЇръё: ╥єЁЎш  т ыхЄэхь ёхчюэх 2023 уюфр яюЄхЁ ыр 35-40% Ёюёёшщёъшї ЄєЁшёЄют яю ёЁртэхэш■ ё фюъютшфэ√ь 2019 уюфюь, юёэютэр  яЁшўшэр - єїюф ё эряЁртыхэш  с■фцхЄэ√ї ЄєЁшёЄют шч-чр ЁюёЄр Ўхэ, ёююс∙рхЄ", "action_flag": 1, "change_message": "[{\"added\": {}}]"}}, {"model": "admin.logentry", "pk": 33, "fields": {"action_time": "2023-07-03T13:44:08.810Z", "user": 7, "content_type": 9, "object_id": "9", "object_repr": "л╨юёёшщёър  урчхЄр╗: ╤ эрёЄєяыхэшхь юёхэш ёЄюшьюёЄ№ эют√ї ртЄюьюсшыхщ т ╨юёёшш чрьхЄэю т√ЁрёЄхЄ, ўЄю ёт чрэю ё фшэрьшъющ ъєЁёр Ёєсы .\r\nLenta.ru\r\n┬ ьшэєт°є■ я ЄэшЎє эр ╠юёъютёъющ сшЁцх ъєЁё хтЁю фюёЄшу", "action_flag": 1, "change_message": "[{\"added\": {}}]"}}, {"model": "admin.logentry", "pk": 34, "fields": {"action_time": "2023-07-03T13:45:07.570Z", "user": 7, "content_type": 9, "object_id": "10", "object_repr": "THR: ═ют√щ \"╚эфшрэр ─цюэё\" яЁютрышыё  т ╩шЄрх ё тёхую $2,3 ьыэ, ёюсЁрээ√ьш т яхЁт√х ЄЁш фэ  яЁюърЄр, ўЄю ьхэ№°х, ўхь ёрь√х ёъЁюьэ√х юцшфрэш  ¤ъёяхЁЄют.\r\n├рчхЄр.Ru\r\n╫Єю ърёрхЄё  ёсюЁют, фы  ёЁртэхэш : ", "action_flag": 1, "change_message": "[{\"added\": {}}]"}}, {"model": "admin.logentry", "pk": 35, "fields": {"action_time": "2023-07-03T13:46:02.548Z", "user": 7, "content_type": 9, "object_id": "11", "object_repr": "╨юёёшщёър  урчхЄр: ╧хЁт√х я Є№ ёхЁшщ т ёЁхфэхь яюыєўшыш х∙х сюыхх їєф°шх юЎхэъш, ўхь яхЁт√х фтр ёхчюэр - эр IMDb ёЁхфэшщ срыы тёхую 6,3 шч 10.\r\n╨юёёшщёър  урчхЄр\r\n─ы  ёЁртэхэш  - яхЁт√щ ёхчюэ чЁшЄхыш ", "action_flag": 1, "change_message": "[{\"added\": {}}]"}}, {"model": "admin.logentry", "pk": 36, "fields": {"action_time": "2023-07-03T13:47:03.091Z", "user": 7, "content_type": 9, "object_id": "12", "object_repr": "\"┬хф№ьръ\": ═р руЁхурЄюЁх iMDB ёхЁшш яхЁтюую ёхчюэр яюыєўшыш т ёЁхфэхь 8 срыыют шыш юЎхэъє, сышчъє■ ъ ¤Єющ. └эрыюушўэр  ёшЄєрЎш  ёю тЄюЁ√ь ёхчюэюь. ╙ яхЁт√ї я Єш ёхЁшщ эютюую ёхчюэр ёЁхфэшщ срыы эх фюё", "action_flag": 1, "change_message": "[{\"added\": {}}]"}}, {"model": "admin.logentry", "pk": 37, "fields": {"action_time": "2023-07-03T13:48:18.540Z", "user": 7, "content_type": 9, "object_id": "13", "object_repr": "╟рсрёЄютър ёЎхэрЁшёЄют ╤╪└: ╟рсрёЄютър ёЎхэрЁшёЄют ╤╪└ яЁюфюыцрхЄ эхурЄштэю тыш Є№ эр т√їюф яюяєы Ёэ√ї ёхЁшрыют. ┬ эрўрых ш■ы  ёючфрЄхыш л┴хыюую ыюЄюёр╗ юёЄрэютшыш яЁюшчтюфёЄтю °ює эр эхюяЁхфхы╕ээюх т", "action_flag": 1, "change_message": "[{\"added\": {}}]"}}, {"model": "admin.logentry", "pk": 38, "fields": {"action_time": "2023-07-05T09:31:43.333Z", "user": 7, "content_type": 9, "object_id": "16", "object_repr": "ffdsfsadfds: gfhjkjhl,jdfghj : news.Category.None", "action_flag": 3, "change_message": ""}}, {"model": "admin.logentry", "pk": 39, "fields": {"action_time": "2023-07-05T09:31:43.340Z", "user": 7, "content_type": 9, "object_id": "15", "object_repr": "ffdsfsadfds: gfhjkjhl,jdfghj : news.Category.None", "action_flag": 3, "change_message": ""}}, {"model": "admin.logentry", "pk": 40, "fields": {"action_time": "2023-07-05T09:31:43.344Z", "user": 7, "content_type": 9, "object_id": "14", "object_repr": "ffdsfsadfds: fasdfasfasdf : news.Category.None", "action_flag": 3, "change_message": ""}}, {"model": "admin.logentry", "pk": 41, "fields": {"action_time": "2023-07-05T09:51:17.776Z", "user": 7, "content_type": 9, "object_id": "23", "object_repr": "ghfhdfghg: sdgfghdfgjhfghjjgh : news.Category.None", "action_flag": 3, "change_message": ""}}, {"model": "admin.logentry", "pk": 42, "fields": {"action_time": "2023-07-05T09:51:17.782Z", "user": 7, "content_type": 9, "object_id": "22", "object_repr": "ghfhdfghg: sdgfghdfgjhfghjjgh : news.Category.None", "action_flag": 3, "change_message": ""}}, {"model": "admin.logentry", "pk": 43, "fields": {"action_time": "2023-07-05T09:51:17.786Z", "user": 7, "content_type": 9, "object_id": "21", "object_repr": "ghfhdfghg: sdgfghdfgjhfghjjgh : news.Category.None", "action_flag": 3, "change_message": ""}}, {"model": "admin.logentry", "pk": 44, "fields": {"action_time": "2023-07-05T09:51:17.791Z", "user": 7, "content_type": 9, "object_id": "20", "object_repr": "ghfhdfghg: sdgfghdfgjhfghjjgh : news.Category.None", "action_flag": 3, "change_message": ""}}, {"model": "admin.logentry", "pk": 45, "fields": {"action_time": "2023-07-05T09:51:17.797Z", "user": 7, "content_type": 9, "object_id": "19", "object_repr": "ghfhdfghg: sdgfghdfgjhfghjjgh : news.Category.None", "action_flag": 3, "change_message": ""}}, {"model": "admin.logentry", "pk": 46, "fields": {"action_time": "2023-07-05T15:37:37.521Z", "user": 7, "content_type": 9, "object_id": "38", "object_repr": "34343435464536: ghjdfghdfghgfhfgh\\\r\nfg\r\nh\r\nfg\r\nhdfg\r\n\r\nhfgdhfgdhdf111113\r\n3323232 : news.Category.None", "action_flag": 3, "change_message": ""}}, {"model": "admin.logentry", "pk": 47, "fields": {"action_time": "2023-07-05T15:37:37.525Z", "user": 7, "content_type": 9, "object_id": "37", "object_repr": "ewwertrytrutyr: uuyuijty'op[op'\r\n:\"l.k, bnmvbcn  mbn  bvnvcbn\r\n \r\nfdhg\r\ngfh\r\ndfg\r\nhgf \r\n\r\nfg\r\nh \r\nhj ghf : news.Category.None", "action_flag": 3, "change_message": ""}}, {"model": "admin.logentry", "pk": 48, "fields": {"action_time": "2023-07-05T15:37:37.530Z", "user": 7, "content_type": 9, "object_id": "36", "object_repr": "╓рЁ№уЁрфyturtyurtyurtyur: 5thtygrhhjtyrutyujrtyutryu : news.Category.None", "action_flag": 3, "change_message": ""}}, {"model": "admin.logentry", "pk": 49, "fields": {"action_time": "2023-07-05T15:37:37.538Z", "user": 7, "content_type": 9, "object_id": "35", "object_repr": "╥Ёрья: l : news.Category.None", "action_flag": 3, "change_message": ""}}, {"model": "admin.logentry", "pk": 50, "fields": {"action_time": "2023-07-05T15:40:37.820Z", "user": 7, "content_type": 9, "object_id": "39", "object_repr": "34343435464536: ghjdfghdfghgfhfgh\\\r\nfg\r\nh\r\nfg\r\nhdfg\r\n\r\nhfgdhfgdhdf111113\r\n3323232 : news.Category.None", "action_flag": 2, "change_message": "[]"}}, {"model": "admin.logentry", "pk": 51, "fields": {"action_time": "2023-07-12T13:33:42.178Z", "user": 7, "content_type": 3, "object_id": "1", "object_repr": "editor", "action_flag": 1, "change_message": "[{\"added\": {}}]"}}, {"model": "admin.logentry", "pk": 52, "fields": {"action_time": "2023-07-12T13:35:31.283Z", "user": 7, "content_type": 3, "object_id": "2", "object_repr": "visitor", "action_flag": 1, "change_message": "[{\"added\": {}}]"}}, {"model": "admin.logentry", "pk": 53, "fields": {"action_time": "2023-07-12T13:37:35.959Z", "user": 7, "content_type": 4, "object_id": "6", "object_repr": "Ilia", "action_flag": 2, "change_message": "[{\"changed\": {\"fields\": [\"Groups\"]}}]"}}, {"model": "admin.logentry", "pk": 54, "fields": {"action_time": "2023-07-12T13:37:45.741Z", "user": 7, "content_type": 4, "object_id": "12", "object_repr": "Leha", "action_flag": 2, "change_message": "[{\"changed\": {\"fields\": [\"Groups\"]}}]"}}, {"model": "admin.logentry", "pk": 55, "fields": {"action_time": "2023-07-12T13:38:01.705Z", "user": 7, "content_type": 4, "object_id": "7", "object_repr": "admin", "action_flag": 2, "change_message": "[{\"changed\": {\"fields\": [\"Groups\"]}}]"}}, {"model": "admin.logentry", "pk": 56, "fields": {"action_time": "2023-07-12T13:38:15.386Z", "user": 7, "content_type": 4, "object_id": "8", "object_repr": "Grigiry", "action_flag": 2, "change_message": "[{\"changed\": {\"fields\": [\"Groups\"]}}]"}}, {"model": "admin.logentry", "pk": 57, "fields": {"action_time": "2023-07-12T14:00:13.417Z", "user": 7, "content_type": 4, "object_id": "16", "object_repr": "ka2", "action_flag": 2, "change_message": "[{\"changed\": {\"fields\": [\"Groups\"]}}]"}}, {"model": "admin.logentry", "pk": 58, "fields": {"action_time": "2023-07-12T14:01:54.138Z", "user": 7, "content_type": 3, "object_id": "3", "object_repr": "admin", "action_flag": 1, "change_message": "[{\"added\": {}}]"}}, {"model": "admin.logentry", "pk": 59, "fields": {"action_time": "2023-07-12T14:02:05.742Z", "user": 7, "content_type": 4, "object_id": "16", "object_repr": "ka2", "action_flag": 2, "change_message": "[{\"changed\": {\"fields\": [\"Groups\"]}}]"}}, {"model": "admin.logentry", "pk": 60, "fields": {"action_time": "2023-07-12T14:12:11.550Z", "user": 7, "content_type": 3, "object_id": "1", "object_repr": "editor", "action_flag": 2, "change_message": "[{\"changed\": {\"fields\": [\"Permissions\"]}}]"}}, {"model": "admin.logentry", "pk": 61, "fields": {"action_time": "2023-07-12T14:17:59.677Z", "user": 7, "content_type": 4, "object_id": "16", "object_repr": "ka2", "action_flag": 2, "change_message": "[{\"changed\": {\"fields\": [\"Staff status\", \"Superuser status\"]}}]"}}, {"model": "admin.logentry", "pk": 62, "fields": {"action_time": "2023-07-12T14:18:09.369Z", "user": 7, "content_type": 4, "object_id": "7", "object_repr": "admin", "action_flag": 2, "change_message": "[{\"changed\": {\"fields\": [\"Groups\"]}}]"}}, {"model": "admin.logentry", "pk": 63, "fields": {"action_time": "2023-07-12T14:45:56.536Z", "user": 16, "content_type": 4, "object_id": "16", "object_repr": "ka2", "action_flag": 2, "change_message": "[{\"changed\": {\"fields\": [\"Staff status\", \"Superuser status\", \"Groups\"]}}]"}}, {"model": "admin.logentry", "pk": 64, "fields": {"action_time": "2023-07-12T14:51:20.354Z", "user": 7, "content_type": 3, "object_id": "2", "object_repr": "visitor", "action_flag": 2, "change_message": "[{\"changed\": {\"fields\": [\"Permissions\"]}}]"}}, {"model": "admin.logentry", "pk": 65, "fields": {"action_time": "2023-07-12T14:51:58.649Z", "user": 7, "content_type": 4, "object_id": "16", "object_repr": "ka2", "action_flag": 2, "change_message": "[{\"changed\": {\"fields\": [\"Groups\"]}}]"}}, {"model": "admin.logentry", "pk": 66, "fields": {"action_time": "2023-07-12T14:52:03.084Z", "user": 7, "content_type": 4, "object_id": "7", "object_repr": "admin", "action_flag": 2, "change_message": "[]"}}, {"model": "admin.logentry", "pk": 67, "fields": {"action_time": "2023-07-12T14:57:15.885Z", "user": 7, "content_type": 4, "object_id": "16", "object_repr": "ka2", "action_flag": 2, "change_message": "[{\"changed\": {\"fields\": [\"Groups\"]}}]"}}, {"model": "admin.logentry", "pk": 68, "fields": {"action_time": "2023-07-12T15:27:09.162Z", "user": 7, "content_type": 4, "object_id": "16", "object_repr": "ka2", "action_flag": 2, "change_message": "[]"}}, {"model": "admin.logentry", "pk": 69, "fields": {"action_time": "2023-07-12T15:29:12.577Z", "user": 7, "content_type": 3, "object_id": "1", "object_repr": "editor", "action_flag": 2, "change_message": "[]"}}, {"model": "admin.logentry", "pk": 70, "fields": {"action_time": "2023-07-12T15:35:17.871Z", "user": 7, "content_type": 3, "object_id": "1", "object_repr": "editor", "action_flag": 2, "change_message": "[{\"changed\": {\"fields\": [\"Permissions\"]}}]"}}, {"model": "admin.logentry", "pk": 71, "fields": {"action_time": "2023-07-12T15:35:39.049Z", "user": 7, "content_type": 4, "object_id": "16", "object_repr": "ka2", "action_flag": 2, "change_message": "[{\"changed\": {\"fields\": [\"Groups\"]}}]"}}, {"model": "admin.logentry", "pk": 72, "fields": {"action_time": "2023-07-12T15:35:48.390Z", "user": 7, "content_type": 4, "object_id": "16", "object_repr": "ka2", "action_flag": 2, "change_message": "[{\"changed\": {\"fields\": [\"Groups\"]}}]"}}, {"model": "admin.logentry", "pk": 73, "fields": {"action_time": "2023-07-12T15:37:19.784Z", "user": 7, "content_type": 3, "object_id": "2", "object_repr": "visitor", "action_flag": 2, "change_message": "[{\"changed\": {\"fields\": [\"Permissions\"]}}]"}}, {"model": "admin.logentry", "pk": 74, "fields": {"action_time": "2023-07-12T15:37:36.567Z", "user": 7, "content_type": 4, "object_id": "14", "object_repr": "dsfgddfg", "action_flag": 2, "change_message": "[{\"changed\": {\"fields\": [\"Groups\"]}}]"}}, {"model": "admin.logentry", "pk": 75, "fields": {"action_time": "2023-07-12T15:37:50.358Z", "user": 7, "content_type": 4, "object_id": "16", "object_repr": "ka2", "action_flag": 2, "change_message": "[]"}}, {"model": "admin.logentry", "pk": 76, "fields": {"action_time": "2023-07-12T15:38:05.769Z", "user": 7, "content_type": 4, "object_id": "17", "object_repr": "dsfgdwewdfg", "action_flag": 2, "change_message": "[{\"changed\": {\"fields\": [\"Email address\"]}}]"}}, {"model": "admin.logentry", "pk": 77, "fields": {"action_time": "2023-07-12T15:40:43.076Z", "user": 7, "content_type": 4, "object_id": "16", "object_repr": "ka2", "action_flag": 2, "change_message": "[{\"changed\": {\"fields\": [\"Groups\"]}}]"}}, {"model": "admin.logentry", "pk": 78, "fields": {"action_time": "2023-07-12T15:44:25.955Z", "user": 7, "content_type": 4, "object_id": "16", "object_repr": "ka2", "action_flag": 2, "change_message": "[{\"changed\": {\"fields\": [\"Groups\"]}}]"}}, {"model": "admin.logentry", "pk": 79, "fields": {"action_time": "2023-07-12T15:44:37.414Z", "user": 7, "content_type": 4, "object_id": "7", "object_repr": "admin", "action_flag": 2, "change_message": "[{\"changed\": {\"fields\": [\"Groups\"]}}]"}}, {"model": "admin.logentry", "pk": 80, "fields": {"action_time": "2023-07-12T15:47:42.376Z", "user": 7, "content_type": 3, "object_id": "1", "object_repr": "editor", "action_flag": 2, "change_message": "[{\"changed\": {\"fields\": [\"Permissions\"]}}]"}}, {"model": "admin.logentry", "pk": 81, "fields": {"action_time": "2023-07-12T15:48:23.147Z", "user": 7, "content_type": 4, "object_id": "13", "object_repr": "lyly", "action_flag": 2, "change_message": "[{\"changed\": {\"fields\": [\"Groups\"]}}]"}}, {"model": "admin.logentry", "pk": 82, "fields": {"action_time": "2023-07-12T15:50:54.742Z", "user": 7, "content_type": 3, "object_id": "1", "object_repr": "editor", "action_flag": 2, "change_message": "[{\"changed\": {\"fields\": [\"Permissions\"]}}]"}}, {"model": "admin.logentry", "pk": 83, "fields": {"action_time": "2023-07-12T15:51:48.035Z", "user": 7, "content_type": 4, "object_id": "16", "object_repr": "ka2", "action_flag": 2, "change_message": "[]"}}, {"model": "admin.logentry", "pk": 84, "fields": {"action_time": "2023-07-12T15:53:05.709Z", "user": 7, "content_type": 3, "object_id": "1", "object_repr": "editor", "action_flag": 2, "change_message": "[{\"changed\": {\"fields\": [\"Permissions\"]}}]"}}, {"model": "admin.logentry", "pk": 85, "fields": {"action_time": "2023-07-12T15:58:40.360Z", "user": 7, "content_type": 3, "object_id": "1", "object_repr": "editor", "action_flag": 2, "change_message": "[{\"changed\": {\"fields\": [\"Permissions\"]}}]"}}, {"model": "admin.logentry", "pk": 86, "fields": {"action_time": "2023-07-12T16:02:52.721Z", "user": 7, "content_type": 3, "object_id": "1", "object_repr": "authors", "action_flag": 2, "change_message": "[{\"changed\": {\"fields\": [\"Name\"]}}]"}}, {"model": "admin.logentry", "pk": 87, "fields": {"action_time": "2023-07-13T08:57:04.458Z", "user": 7, "content_type": 12, "object_id": "1", "object_repr": "127.0.0.1", "action_flag": 2, "change_message": "[{\"changed\": {\"fields\": [\"Domain name\"]}}]"}}, {"model": "admin.logentry", "pk": 88, "fields": {"action_time": "2023-07-13T09:12:22.125Z", "user": 7, "content_type": 17, "object_id": "1", "object_repr": "Yandex", "action_flag": 1, "change_message": "[{\"added\": {}}]"}}, {"model": "admin.logentry", "pk": 89, "fields": {"action_time": "2023-07-13T09:15:16.380Z", "user": 7, "content_type": 4, "object_id": "18", "object_repr": "╚ы№ ", "action_flag": 2, "change_message": "[{\"changed\": {\"fields\": [\"Groups\"]}}]"}}, {"model": "admin.logentry", "pk": 90, "fields": {"action_time": "2023-07-14T12:42:05.918Z", "user": 7, "content_type": 4, "object_id": "18", "object_repr": "╚ы№ ", "action_flag": 3, "change_message": ""}}, {"model": "admin.logentry", "pk": 91, "fields": {"action_time": "2023-07-14T12:45:09.349Z", "user": 7, "content_type": 4, "object_id": "19", "object_repr": "╚ы№ ", "action_flag": 3, "change_message": ""}}, {"model": "admin.logentry", "pk": 92, "fields": {"action_time": "2023-07-17T09:37:24.128Z", "user": 7, "content_type": 4, "object_id": "22", "object_repr": "kalinichenko.ilya", "action_flag": 3, "change_message": ""}}, {"model": "admin.logentry", "pk": 93, "fields": {"action_time": "2023-07-20T11:45:02.749Z", "user": 7, "content_type": 9, "object_id": "42", "object_repr": "╩ръ ЁрсюЄр■Є ёхЁтшё√ рэрышЄшъш ш ъръ шї т√сЁрЄ№: ┼ёыш ьръёшьры№эю єяЁюёЄшЄ№, Єю рэрышЄшър эр ╠╧ тъы■ўрхЄ:\r\n\r\n└эрышч фЁєушї\r\n└эрышч ёхс \r\n└эрышч фЁєушї яюьюурхЄ т√ ёэшЄ№, ё ъръшь ЄютрЁюь т√уюфэхх т√щЄш", "action_flag": 1, "change_message": "[{\"added\": {}}]"}}, {"model": "admin.logentry", "pk": 94, "fields": {"action_time": "2023-07-20T11:45:36.281Z", "user": 7, "content_type": 9, "object_id": "42", "object_repr": "╩ръ ЁрсюЄр■Є ёхЁтшё√ рэрышЄшъш ш ъръ шї т√сЁрЄ№: ┼ёыш ьръёшьры№эю єяЁюёЄшЄ№, Єю рэрышЄшър эр ╠╧ тъы■ўрхЄ:\r\n\r\n└эрышч фЁєушї\r\n└эрышч ёхс \r\n└эрышч фЁєушї яюьюурхЄ т√ ёэшЄ№, ё ъръшь ЄютрЁюь т√уюфэхх т√щЄш", "action_flag": 2, "change_message": "[{\"changed\": {\"fields\": [\"Category type\"]}}]"}}, {"model": "admin.logentry", "pk": 95, "fields": {"action_time": "2023-07-20T11:46:14.633Z", "user": 7, "content_type": 9, "object_id": "42", "object_repr": "╩ръ ЁрсюЄр■Є ёхЁтшё√ рэрышЄшъш ш ъръ шї т√сЁрЄ№: ┼ёыш ьръёшьры№эю єяЁюёЄшЄ№, Єю рэрышЄшър эр ╠╧ тъы■ўрхЄ:\r\n\r\n└эрышч фЁєушї\r\n└эрышч ёхс \r\n└эрышч фЁєушї яюьюурхЄ т√ ёэшЄ№, ё ъръшь ЄютрЁюь т√уюфэхх т√щЄш", "action_flag": 2, "change_message": "[]"}}, {"model": "admin.logentry", "pk": 96, "fields": {"action_time": "2023-07-20T11:54:20.215Z", "user": 7, "content_type": 9, "object_id": "42", "object_repr": "╩ръ ЁрсюЄр■Є ёхЁтшё√ рэрышЄшъш ш ъръ шї т√сЁрЄ№: ┼ёыш ьръёшьры№эю єяЁюёЄшЄ№, Єю рэрышЄшър эр ╠╧ тъы■ўрхЄ:\r\n\r\n└эрышч фЁєушї\r\n└эрышч ёхс \r\n└эрышч фЁєушї яюьюурхЄ т√ ёэшЄ№, ё ъръшь ЄютрЁюь т√уюфэхх т√щЄш", "action_flag": 2, "change_message": "[]"}}, {"model": "admin.logentry", "pk": 97, "fields": {"action_time": "2023-07-20T11:54:37.981Z", "user": 7, "content_type": 9, "object_id": "42", "object_repr": "╩ръ ЁрсюЄр■Є ёхЁтшё√ рэрышЄшъш ш ъръ шї т√сЁрЄ№: ┼ёыш ьръёшьры№эю єяЁюёЄшЄ№, Єю рэрышЄшър эр ╠╧ тъы■ўрхЄ:\r\n\r\n└эрышч фЁєушї\r\n└эрышч ёхс \r\n└эрышч фЁєушї яюьюурхЄ т√ ёэшЄ№, ё ъръшь ЄютрЁюь т√уюфэхх т√щЄш", "action_flag": 2, "change_message": "[]"}}, {"model": "admin.logentry", "pk": 98, "fields": {"action_time": "2023-07-20T13:06:54.191Z", "user": 7, "content_type": 9, "object_id": "43", "object_repr": "dsfsdfsd: sdfasdfasdjuyui;kl'/jkyu iuy iki yt uir tyui rt uye ytru tyu ryut : news.Category.None", "action_flag": 1, "change_message": "[{\"added\": {}}]"}}, {"model": "admin.logentry", "pk": 99, "fields": {"action_time": "2023-07-20T13:07:46.307Z", "user": 7, "content_type": 9, "object_id": "44", "object_repr": "hj,mnm,bnm,bnm,: kkghj/l;Jkkgdhrtyuuiyiooupuityriu : news.Category.None", "action_flag": 1, "change_message": "[{\"added\": {}}]"}}, {"model": "admin.logentry", "pk": 100, "fields": {"action_time": "2023-07-20T13:08:02.593Z", "user": 7, "content_type": 9, "object_id": "44", "object_repr": "hj,mnm,bnm,bnm,: kkghj/l;Jkkgdhrtyuuiyiooupuityriu : news.Category.None", "action_flag": 2, "change_message": "[]"}}, {"model": "admin.logentry", "pk": 101, "fields": {"action_time": "2023-07-20T13:08:56.967Z", "user": 7, "content_type": 9, "object_id": "45", "object_repr": "tyuyjiyui: yuirtyurtyuiweq34576565 m 6578 768 -=0==07896789 : news.Category.None", "action_flag": 1, "change_message": "[{\"added\": {}}]"}}, {"model": "admin.logentry", "pk": 102, "fields": {"action_time": "2023-07-20T13:35:50.485Z", "user": 7, "content_type": 9, "object_id": "46", "object_repr": "78i9789jklhjklghj: kghjkjhgkg ferqw qwe4r45 fbg dfgh fghj 56y rte h wretg we : news.Category.None", "action_flag": 1, "change_message": "[{\"added\": {}}]"}}, {"model": "admin.logentry", "pk": 103, "fields": {"action_time": "2023-07-20T13:38:02.713Z", "user": 7, "content_type": 8, "object_id": "5", "object_repr": "╨рчэюх", "action_flag": 1, "change_message": "[{\"added\": {}}]"}}, {"model": "admin.logentry", "pk": 104, "fields": {"action_time": "2023-07-20T13:40:29.551Z", "user": 7, "content_type": 9, "object_id": "47", "object_repr": "┬ ьшЁютющ яЁюърЄ т√їюфшЄ л╬яяхэухщьхЁ╗ ╩ЁшёЄюЇхЁр ═юырэр юс юЄЎх  фхЁэющ сюьс√: ┬ ьшЁютющ яЁюърЄ юфэютЁхьхээю ё х∙х юфэшь, яЁшэЎшяшры№эю шэ√ь яю шэЄюэрЎшш сыюъсрёЄхЁюь л┴рЁсш╗ т√їюфшЄ л╬яяхэухщьхЁ╗ Ч ", "action_flag": 1, "change_message": "[{\"added\": {}}]"}}, {"model": "admin.logentry", "pk": 105, "fields": {"action_time": "2023-07-20T13:40:52.527Z", "user": 7, "content_type": 9, "object_id": "48", "object_repr": "ЎєтрєЎрт√ртр√т: ┬ ьшЁютющ яЁюърЄ юфэютЁхьхээю ё х∙х юфэшь, яЁшэЎшяшры№эю шэ√ь яю шэЄюэрЎшш сыюъсрёЄхЁюь л┴рЁсш╗ т√їюфшЄ л╬яяхэухщьхЁ╗ Ч эют√щ ¤яюё ╩ЁшёЄюЇхЁр ═юырэр, яюёт ∙хээ√щ ёєф№сх Єръ эрч√трхьюую", "action_flag": 1, "change_message": "[{\"added\": {}}]"}}, {"model": "admin.logentry", "pk": 106, "fields": {"action_time": "2023-07-20T13:42:14.378Z", "user": 7, "content_type": 8, "object_id": "6", "object_repr": "╨рчэюх1", "action_flag": 1, "change_message": "[{\"added\": {}}]"}}, {"model": "admin.logentry", "pk": 107, "fields": {"action_time": "2023-07-20T19:30:31.548Z", "user": 7, "content_type": 8, "object_id": "7", "object_repr": "╨рчэюх76", "action_flag": 1, "change_message": "[{\"added\": {}}]"}}, {"model": "admin.logentry", "pk": 108, "fields": {"action_time": "2023-07-20T19:53:30.378Z", "user": 7, "content_type": 9, "object_id": "49", "object_repr": "76867867: lkuluipy,uyiyuiyupooilljkljkljklhl  fyttyiyutiut : news.Category.None", "action_flag": 1, "change_message": "[{\"added\": {}}]"}}, {"model": "admin.logentry", "pk": 109, "fields": {"action_time": "2023-07-20T19:58:03.874Z", "user": 7, "content_type": 9, "object_id": "50", "object_repr": "vbnnvbnvbnxvbncvbn: vbncvbnbxvndfgert453r345  345 34 etrreg efdg dfg : news.Category.None", "action_flag": 1, "change_message": "[{\"added\": {}}]"}}, {"model": "admin.logentry", "pk": 110, "fields": {"action_time": "2023-07-20T19:58:56.695Z", "user": 7, "content_type": 9, "object_id": "51", "object_repr": "vbnnvbnvbnxvbncvbn: vbncvbnbxvndfgert453r345  345 34 etrreg efdg dfg : news.Category.None", "action_flag": 1, "change_message": "[{\"added\": {}}]"}}, {"model": "admin.logentry", "pk": 111, "fields": {"action_time": "2023-07-20T20:00:57.591Z", "user": 7, "content_type": 9, "object_id": "52", "object_repr": "vbnnvbnvbnxvbncvbn: vbncvbnbxvndfgert453r345  345 34 etrreg efdg dfg : news.Category.None", "action_flag": 1, "change_message": "[{\"added\": {}}]"}}, {"model": "admin.logentry", "pk": 112, "fields": {"action_time": "2023-07-20T20:01:10.266Z", "user": 7, "content_type": 9, "object_id": "53", "object_repr": "vbnnvbnvbnxvbncvbn: vbncvbnbxvndfgert453r345  weqrfqwe 34 etdfwedsfrreg efdg dfg : news.Category.None", "action_flag": 1, "change_message": "[{\"added\": {}}]"}}, {"model": "admin.logentry", "pk": 113, "fields": {"action_time": "2023-07-22T07:04:55.889Z", "user": 7, "content_type": 9, "object_id": "54", "object_repr": "ewfdsfasdfafs: dafasdfasdfasdfsdafsdafsdfg erfsdf sd : ╤яюЁЄ", "action_flag": 2, "change_message": "[{\"changed\": {\"fields\": [\"Post category\"]}}]"}}, {"model": "admin.logentry", "pk": 114, "fields": {"action_time": "2023-07-22T07:05:45.648Z", "user": 7, "content_type": 9, "object_id": "55", "object_repr": "╚эЄхЁЇръё: sdf ret er rtj tyurjtyjhgyuuyj jgh  ghjn gh jfgh  ty uty : ╨√срЄър", "action_flag": 1, "change_message": "[{\"added\": {}}]"}}, {"model": "admin.logentry", "pk": 115, "fields": {"action_time": "2023-07-22T07:16:10.111Z", "user": 7, "content_type": 9, "object_id": "56", "object_repr": "dfgsdfgdfsgsdfgsdf: dfghjghfjhghfj ghj fdg hdfg hdfgh f dfh df : ╤яюЁЄ", "action_flag": 1, "change_message": "[{\"added\": {}}]"}}, {"model": "admin.logentry", "pk": 116, "fields": {"action_time": "2023-07-22T07:34:41.112Z", "user": 7, "content_type": 9, "object_id": "57", "object_repr": "rterter er ter t erwy: tyr yu  ooi; iuofyeutyueyt ue rtyue : ┴юъё", "action_flag": 1, "change_message": "[{\"added\": {}}]"}}, {"model": "admin.logentry", "pk": 117, "fields": {"action_time": "2023-07-22T07:37:45.102Z", "user": 7, "content_type": 9, "object_id": "58", "object_repr": "╚эЄхЁЇръё: fghjfgj khujk hukg  gdfghfgd s gdsgdf g : IT", "action_flag": 1, "change_message": "[{\"added\": {}}]"}}, {"model": "admin.logentry", "pk": 118, "fields": {"action_time": "2023-07-22T07:51:33.122Z", "user": 7, "content_type": 9, "object_id": "59", "object_repr": "═єфышэу: uyiyui uytur tyuurty urtytyu rtyur : ┴юъё", "action_flag": 1, "change_message": "[{\"added\": {}}]"}}, {"model": "admin.logentry", "pk": 119, "fields": {"action_time": "2023-07-22T07:57:19.128Z", "user": 7, "content_type": 9, "object_id": "60", "object_repr": "╥Ёрья: uikluiouiouiykghjkhgm,.n,bnm,bn,bnm : ╨рчэюх", "action_flag": 1, "change_message": "[{\"added\": {}}]"}}, {"model": "admin.logentry", "pk": 120, "fields": {"action_time": "2023-07-22T08:03:50.835Z", "user": 7, "content_type": 9, "object_id": "61", "object_repr": ";'ertwqe3twertwertgeqwrwert: erwtertwert jhklhjgklghjghjk : ┴юъё", "action_flag": 1, "change_message": "[{\"added\": {}}]"}}, {"model": "admin.logentry", "pk": 121, "fields": {"action_time": "2023-07-22T08:12:31.164Z", "user": 7, "content_type": 9, "object_id": "63", "object_repr": "gfhhdfhfghdfghdfgh: dfghhdsfhdfghdfghfgdhdfghe5t6ry56ywerty  erty werty wer : ╤яюЁЄ", "action_flag": 1, "change_message": "[{\"added\": {}}]"}}, {"model": "admin.logentry", "pk": 122, "fields": {"action_time": "2023-07-22T08:12:56.218Z", "user": 7, "content_type": 9, "object_id": "63", "object_repr": "gfhhdfhfghdfghdfgh: dfghhdsfhdfghdfghfgdhdfghe5t6ry56ywerty  erty werty wer : ╤яюЁЄ", "action_flag": 3, "change_message": ""}}, {"model": "admin.logentry", "pk": 123, "fields": {"action_time": "2023-07-22T08:12:56.226Z", "user": 7, "content_type": 9, "object_id": "62", "object_repr": "werqrqwerqwereqwrwer: ewrfwerfweq rreqwrweqrqwrewqrrqwe : ╨√срЄър", "action_flag": 3, "change_message": ""}}, {"model": "admin.logentry", "pk": 124, "fields": {"action_time": "2023-07-22T08:12:56.231Z", "user": 7, "content_type": 9, "object_id": "61", "object_repr": ";'ertwqe3twertwertgeqwrwert: erwtertwert jhklhjgklghjghjk : ┴юъё", "action_flag": 3, "change_message": ""}}, {"model": "admin.logentry", "pk": 125, "fields": {"action_time": "2023-07-22T08:12:56.236Z", "user": 7, "content_type": 9, "object_id": "60", "object_repr": "╥Ёрья: uikluiouiouiykghjkhgm,.n,bnm,bn,bnm : ╨рчэюх", "action_flag": 3, "change_message": ""}}, {"model": "admin.logentry", "pk": 126, "fields": {"action_time": "2023-07-22T08:12:56.241Z", "user": 7, "content_type": 9, "object_id": "59", "object_repr": "═єфышэу: uyiyui uytur tyuurty urtytyu rtyur : ┴юъё", "action_flag": 3, "change_message": ""}}, {"model": "admin.logentry", "pk": 127, "fields": {"action_time": "2023-07-22T08:12:56.246Z", "user": 7, "content_type": 9, "object_id": "58", "object_repr": "╚эЄхЁЇръё: fghjfgj khujk hukg  gdfghfgd s gdsgdf g : IT", "action_flag": 3, "change_message": ""}}, {"model": "admin.logentry", "pk": 128, "fields": {"action_time": "2023-07-22T08:12:56.251Z", "user": 7, "content_type": 9, "object_id": "57", "object_repr": "rterter er ter t erwy: tyr yu  ooi; iuofyeutyueyt ue rtyue : ┴юъё", "action_flag": 3, "change_message": ""}}, {"model": "admin.logentry", "pk": 129, "fields": {"action_time": "2023-07-22T08:12:56.256Z", "user": 7, "content_type": 9, "object_id": "56", "object_repr": "dfgsdfgdfsgsdfgsdf: dfghjghfjhghfj ghj fdg hdfg hdfgh f dfh df : ╤яюЁЄ", "action_flag": 3, "change_message": ""}}, {"model": "admin.logentry", "pk": 130, "fields": {"action_time": "2023-07-22T08:12:56.261Z", "user": 7, "content_type": 9, "object_id": "55", "object_repr": "╚эЄхЁЇръё: sdf ret er rtj tyurjtyjhgyuuyj jgh  ghjn gh jfgh  ty uty : ╨√срЄър", "action_flag": 3, "change_message": ""}}, {"model": "admin.logentry", "pk": 131, "fields": {"action_time": "2023-07-22T08:12:56.267Z", "user": 7, "content_type": 9, "object_id": "54", "object_repr": "ewfdsfasdfafs: dafasdfasdfasdfsdafsdafsdfg erfsdf sd : ╤яюЁЄ", "action_flag": 3, "change_message": ""}}, {"model": "admin.logentry", "pk": 132, "fields": {"action_time": "2023-07-22T08:12:56.271Z", "user": 7, "content_type": 9, "object_id": "53", "object_repr": "vbnnvbnvbnxvbncvbn: vbncvbnbxvndfgert453r345  weqrfqwe 34 etdfwedsfrreg efdg dfg : IT", "action_flag": 3, "change_message": ""}}, {"model": "admin.logentry", "pk": 133, "fields": {"action_time": "2023-07-22T08:12:56.276Z", "user": 7, "content_type": 9, "object_id": "52", "object_repr": "vbnnvbnvbnxvbncvbn: vbncvbnbxvndfgert453r345  345 34 etrreg efdg dfg : IT", "action_flag": 3, "change_message": ""}}, {"model": "admin.logentry", "pk": 134, "fields": {"action_time": "2023-07-22T08:12:56.282Z", "user": 7, "content_type": 9, "object_id": "51", "object_repr": "vbnnvbnvbnxvbncvbn: vbncvbnbxvndfgert453r345  345 34 etrreg efdg dfg : IT", "action_flag": 3, "change_message": ""}}, {"model": "admin.logentry", "pk": 135, "fields": {"action_time": "2023-07-22T08:12:56.286Z", "user": 7, "content_type": 9, "object_id": "50", "object_repr": "vbnnvbnvbnxvbncvbn: vbncvbnbxvndfgert453r345  345 34 etrreg efdg dfg : IT", "action_flag": 3, "change_message": ""}}, {"model": "admin.logentry", "pk": 136, "fields": {"action_time": "2023-07-22T08:12:56.291Z", "user": 7, "content_type": 9, "object_id": "49", "object_repr": "76867867: lkuluipy,uyiyuiyupooilljkljkljklhl  fyttyiyutiut : IT", "action_flag": 3, "change_message": ""}}, {"model": "admin.logentry", "pk": 137, "fields": {"action_time": "2023-07-22T08:15:20.631Z", "user": 7, "content_type": 9, "object_id": "64", "object_repr": "BFMTV: ╠ръЁюэ фюяєёЄшы юЄъы■ўхэшх ёюЎёхЄхщ тю ╘ЁрэЎшш т ёыєўрх єёєуєсыхэш  ъЁшчшёют: rteywertyerte retyrfhfg dh dfgh  56yrtefg h dfdfgh fdgh : IT", "action_flag": 1, "change_message": "[{\"added\": {}}]"}}, {"model": "admin.logentry", "pk": 138, "fields": {"action_time": "2023-07-22T08:24:49.345Z", "user": 7, "content_type": 9, "object_id": "65", "object_repr": "BFMTV: ╠ръЁюэ фюяєёЄшы юЄъы■ўхэшх ёюЎёхЄхщ тю ╘ЁрэЎшш т ёыєўрх єёєуєсыхэш  ъЁшчшёют: рятЁряЁятр ЁяЁэю Ёюы Ёуюы °эхуъхэу67у5678567756 : IT", "action_flag": 1, "change_message": "[{\"added\": {}}]"}}, {"model": "admin.logentry", "pk": 139, "fields": {"action_time": "2023-07-22T08:29:22.760Z", "user": 7, "content_type": 9, "object_id": "66", "object_repr": "BFMTV: ╠ръЁюэ фюяєёЄшы юЄъы■ўхэшх ёюЎёхЄхщ тю ╘ЁрэЎшш т ёыєўрх єёєуєсыхэш  ъЁшчшёют: рятЁряЁятр ЁяЁэю Ёюы Ёуюы °эхуъхэу67у5678567756 : IT", "action_flag": 1, "change_message": "[{\"added\": {}}]"}}, {"model": "admin.logentry", "pk": 140, "fields": {"action_time": "2023-07-22T08:34:55.088Z", "user": 7, "content_type": 9, "object_id": "67", "object_repr": "BFMTV: ╠ръЁюэ фюяєёЄшы юЄъы■ўхэшх ёюЎёхЄхщ тю ╘ЁрэЎшш т ёыєўрх єёєуєсыхэш  ъЁшчшёют: рятЁряЁятр ЁяЁэю Ёюы Ёуюы °эхуъхэу67у5678567756 : IT", "action_flag": 1, "change_message": "[{\"added\": {}}]"}}, {"model": "admin.logentry", "pk": 141, "fields": {"action_time": "2023-07-22T08:35:07.358Z", "user": 7, "content_type": 9, "object_id": "68", "object_repr": "BFMTV: ╠ръЁюэ фюяєёЄшы юЄъы■ўхэшх ёюЎёхЄхщ тю ╘ЁрэЎшш т ёыєўрх єёєуєсыхэш  ъЁшчшёют: рятЁряЁятр ЁяЁэю Ёюы Ёуюы °эхуъхэу67у5678567756 : IT", "action_flag": 1, "change_message": "[{\"added\": {}}]"}}, {"model": "admin.logentry", "pk": 142, "fields": {"action_time": "2023-07-22T09:05:52.278Z", "user": 7, "content_type": 9, "object_id": "68", "object_repr": "BFMTV: ╠ръЁюэ фюяєёЄшы юЄъы■ўхэшх ёюЎёхЄхщ тю ╘ЁрэЎшш т ёыєўрх єёєуєсыхэш  ъЁшчшёют: рятЁряЁятр ЁяЁэю Ёюы Ёуюы °эхуъхэу67у5678567756 : IT", "action_flag": 3, "change_message": ""}}, {"model": "admin.logentry", "pk": 143, "fields": {"action_time": "2023-07-22T09:05:52.283Z", "user": 7, "content_type": 9, "object_id": "67", "object_repr": "BFMTV: ╠ръЁюэ фюяєёЄшы юЄъы■ўхэшх ёюЎёхЄхщ тю ╘ЁрэЎшш т ёыєўрх єёєуєсыхэш  ъЁшчшёют: рятЁряЁятр ЁяЁэю Ёюы Ёуюы °эхуъхэу67у5678567756 : IT", "action_flag": 3, "change_message": ""}}, {"model": "admin.logentry", "pk": 144, "fields": {"action_time": "2023-07-22T09:05:52.287Z", "user": 7, "content_type": 9, "object_id": "66", "object_repr": "BFMTV: ╠ръЁюэ фюяєёЄшы юЄъы■ўхэшх ёюЎёхЄхщ тю ╘ЁрэЎшш т ёыєўрх єёєуєсыхэш  ъЁшчшёют: рятЁряЁятр ЁяЁэю Ёюы Ёуюы °эхуъхэу67у5678567756 : IT", "action_flag": 3, "change_message": ""}}, {"model": "admin.logentry", "pk": 145, "fields": {"action_time": "2023-07-22T09:05:52.292Z", "user": 7, "content_type": 9, "object_id": "65", "object_repr": "BFMTV: ╠ръЁюэ фюяєёЄшы юЄъы■ўхэшх ёюЎёхЄхщ тю ╘ЁрэЎшш т ёыєўрх єёєуєсыхэш  ъЁшчшёют: рятЁряЁятр ЁяЁэю Ёюы Ёуюы °эхуъхэу67у5678567756 : IT", "action_flag": 3, "change_message": ""}}, {"model": "admin.logentry", "pk": 146, "fields": {"action_time": "2023-07-22T09:05:52.300Z", "user": 7, "content_type": 9, "object_id": "64", "object_repr": "BFMTV: ╠ръЁюэ фюяєёЄшы юЄъы■ўхэшх ёюЎёхЄхщ тю ╘ЁрэЎшш т ёыєўрх єёєуєсыхэш  ъЁшчшёют: rteywertyerte retyrfhfg dh dfgh  56yrtefg h dfdfgh fdgh : IT", "action_flag": 3, "change_message": ""}}, {"model": "admin.logentry", "pk": 147, "fields": {"action_time": "2023-07-22T09:06:06.704Z", "user": 7, "content_type": 9, "object_id": "69", "object_repr": "BFMTV: ╠ръЁюэ фюяєёЄшы юЄъы■ўхэшх ёюЎёхЄхщ тю ╘ЁрэЎшш т ёыєўрх єёєуєсыхэш  ъЁшчшёют: hlkjhjghfghjhjfghj  ghjj hj j gd jhggj hjd tuje ytyu  56u56 5 6tyuj er : ╨√срЄър", "action_flag": 1, "change_message": "[{\"added\": {}}]"}}, {"model": "admin.logentry", "pk": 148, "fields": {"action_time": "2023-07-22T11:06:34.748Z", "user": 7, "content_type": 9, "object_id": "69", "object_repr": "BFMTV: ╠ръЁюэ фюяєёЄшы юЄъы■ўхэшх ёюЎёхЄхщ тю ╘ЁрэЎшш т ёыєўрх єёєуєсыхэш  ъЁшчшёют: hlkjhjghfghjhjfghj  ghjj hj j gd jhggj hjd tuje ytyu  56u56 5 6tyuj er : ╨рчэюх76", "action_flag": 2, "change_message": "[{\"changed\": {\"fields\": [\"Post category\"]}}]"}}, {"model": "admin.logentry", "pk": 149, "fields": {"action_time": "2023-07-22T11:06:41.699Z", "user": 7, "content_type": 9, "object_id": "42", "object_repr": "╩ръ ЁрсюЄр■Є ёхЁтшё√ рэрышЄшъш ш ъръ шї т√сЁрЄ№: ┼ёыш ьръёшьры№эю єяЁюёЄшЄ№, Єю рэрышЄшър эр ╠╧ тъы■ўрхЄ:\r\n\r\n└эрышч фЁєушї\r\n└эрышч ёхс \r\n└эрышч фЁєушї яюьюурхЄ т√ ёэшЄ№, ё ъръшь ЄютрЁюь т√уюфэхх т√щЄш", "action_flag": 2, "change_message": "[{\"changed\": {\"fields\": [\"Post category\"]}}]"}}, {"model": "admin.logentry", "pk": 150, "fields": {"action_time": "2023-07-22T11:06:46.800Z", "user": 7, "content_type": 9, "object_id": "48", "object_repr": "ЎєтрєЎрт√ртр√т: ┬ ьшЁютющ яЁюърЄ юфэютЁхьхээю ё х∙х юфэшь, яЁшэЎшяшры№эю шэ√ь яю шэЄюэрЎшш сыюъсрёЄхЁюь л┴рЁсш╗ т√їюфшЄ л╬яяхэухщьхЁ╗ Ч эют√щ ¤яюё ╩ЁшёЄюЇхЁр ═юырэр, яюёт ∙хээ√щ ёєф№сх Єръ эрч√трхьюую", "action_flag": 2, "change_message": "[{\"changed\": {\"fields\": [\"Post category\"]}}]"}}, {"model": "admin.logentry", "pk": 151, "fields": {"action_time": "2023-07-27T15:22:21.586Z", "user": 7, "content_type": 9, "object_id": "71", "object_repr": "uuikytuiktyuikiiuoyuiotyu: yuiityuityuiyutj yuth dfgh dfgh fgdh dfg hfgdhdfg : ╨рчэюх76", "action_flag": 1, "change_message": "[{\"added\": {}}]"}}, {"model": "admin.logentry", "pk": 152, "fields": {"action_time": "2023-07-27T17:48:27.874Z", "user": 7, "content_type": 9, "object_id": "89", "object_repr": "Ёяю: юЁяю ряюряЁ юярЁ юяЁр юряЁюряЁюряЁ юярюряЁюряЁюряЁ ю : ╤яюЁЄ", "action_flag": 1, "change_message": "[{\"added\": {}}]"}}, {"model": "admin.logentry", "pk": 153, "fields": {"action_time": "2023-08-04T09:08:28.750Z", "user": 7, "content_type": 9, "object_id": "5", "object_repr": "Marketguru2: ▌Єю яЁшыюцхэшх с√ыю ёючфрэю, ўЄюс√ яюьюў№ рэрышчшЁютрЄ№ ьрЁъхЄяыхщё√, ш эрщЄш эршсюыхх т√уюфэ√х эш°ш фы  ЁрчтшЄш  сшчэхёр. ╬эю яЁхфюёЄрты хЄ тючьюцэюёЄ№ шчєўшЄ№ ръЄєры№э√х ЄЁхэф√, ёяырэшЁ", "action_flag": 2, "change_message": "[{\"changed\": {\"fields\": [\"Article title\"]}}]"}}, {"model": "admin.logentry", "pk": 154, "fields": {"action_time": "2023-08-04T09:13:08.117Z", "user": 7, "content_type": 9, "object_id": "5", "object_repr": "Marketguru: ▌Єю яЁшыюцхэшх с√ыю ёючфрэю, ўЄюс√ яюьюў№ рэрышчшЁютрЄ№ ьрЁъхЄяыхщё√, ш эрщЄш эршсюыхх т√уюфэ√х эш°ш фы  ЁрчтшЄш  сшчэхёр. ╬эю яЁхфюёЄрты хЄ тючьюцэюёЄ№ шчєўшЄ№ ръЄєры№э√х ЄЁхэф√, ёяырэшЁю", "action_flag": 2, "change_message": "[{\"changed\": {\"fields\": [\"Article title\"]}}]"}}, {"model": "admin.logentry", "pk": 155, "fields": {"action_time": "2023-08-04T09:13:54.591Z", "user": 7, "content_type": 9, "object_id": "5", "object_repr": "Marketguru22: ▌Єю яЁшыюцхэшх с√ыю ёючфрэю, ўЄюс√ яюьюў№ рэрышчшЁютрЄ№ ьрЁъхЄяыхщё√, ш эрщЄш эршсюыхх т√уюфэ√х эш°ш фы  ЁрчтшЄш  сшчэхёр. ╬эю яЁхфюёЄрты хЄ тючьюцэюёЄ№ шчєўшЄ№ ръЄєры№э√х ЄЁхэф√, ёяырэш", "action_flag": 2, "change_message": "[{\"changed\": {\"fields\": [\"Article title\"]}}]"}}, {"model": "admin.logentry", "pk": 156, "fields": {"action_time": "2023-08-04T09:40:51.449Z", "user": 7, "content_type": 9, "object_id": "5", "object_repr": "Marketguru: ▌Єю яЁшыюцхэшх с√ыю ёючфрэю, ўЄюс√ яюьюў№ рэрышчшЁютрЄ№ ьрЁъхЄяыхщё√, ш эрщЄш эршсюыхх т√уюфэ√х эш°ш фы  ЁрчтшЄш  сшчэхёр. ╬эю яЁхфюёЄрты хЄ тючьюцэюёЄ№ шчєўшЄ№ ръЄєры№э√х ЄЁхэф√, ёяырэшЁю", "action_flag": 2, "change_message": "[{\"changed\": {\"fields\": [\"Article title\"]}}]"}}, {"model": "admin.logentry", "pk": 157, "fields": {"action_time": "2023-08-04T09:43:32.199Z", "user": 7, "content_type": 9, "object_id": "5", "object_repr": "Marketguru33: ▌Єю яЁшыюцхэшх с√ыю ёючфрэю, ўЄюс√ яюьюў№ рэрышчшЁютрЄ№ ьрЁъхЄяыхщё√, ш эрщЄш эршсюыхх т√уюфэ√х эш°ш фы  ЁрчтшЄш  сшчэхёр. ╬эю яЁхфюёЄрты хЄ тючьюцэюёЄ№ шчєўшЄ№ ръЄєры№э√х ЄЁхэф√, ёяырэш", "action_flag": 2, "change_message": "[{\"changed\": {\"fields\": [\"Article title\"]}}]"}}, {"model": "admin.logentry", "pk": 158, "fields": {"action_time": "2023-08-04T09:43:45.285Z", "user": 7, "content_type": 9, "object_id": "5", "object_repr": "Marketguru44: ▌Єю яЁшыюцхэшх с√ыю ёючфрэю, ўЄюс√ яюьюў№ рэрышчшЁютрЄ№ ьрЁъхЄяыхщё√, ш эрщЄш эршсюыхх т√уюфэ√х эш°ш фы  ЁрчтшЄш  сшчэхёр. ╬эю яЁхфюёЄрты хЄ тючьюцэюёЄ№ шчєўшЄ№ ръЄєры№э√х ЄЁхэф√, ёяырэш", "action_flag": 2, "change_message": "[{\"changed\": {\"fields\": [\"Article title\"]}}]"}}, {"model": "admin.logentry", "pk": 159, "fields": {"action_time": "2023-08-05T18:51:22.979Z", "user": 7, "content_type": 14, "object_id": "10", "object_repr": "kalinichenko.ilya@gmail.com", "action_flag": 2, "change_message": "[{\"changed\": {\"fields\": [\"Verified\"]}}]"}}, {"model": "auth.permission", "pk": 1, "fields": {"name": "Can add log entry", "content_type": 1, "codename": "add_logentry"}}, {"model": "auth.permission", "pk": 2, "fields": {"name": "Can change log entry", "content_type": 1, "codename": "change_logentry"}}, {"model": "auth.permission", "pk": 3, "fields": {"name": "Can delete log entry", "content_type": 1, "codename": "delete_logentry"}}, {"model": "auth.permission", "pk": 4, "fields": {"name": "Can view log entry", "content_type": 1, "codename": "view_logentry"}}, {"model": "auth.permission", "pk": 5, "fields": {"name": "Can add permission", "content_type": 2, "codename": "add_permission"}}, {"model": "auth.permission", "pk": 6, "fields": {"name": "Can change permission", "content_type": 2, "codename": "change_permission"}}, {"model": "auth.permission", "pk": 7, "fields": {"name": "Can delete permission", "content_type": 2, "codename": "delete_permission"}}, {"model": "auth.permission", "pk": 8, "fields": {"name": "Can view permission", "content_type": 2, "codename": "view_permission"}}, {"model": "auth.permission", "pk": 9, "fields": {"name": "Can add group", "content_type": 3, "codename": "add_group"}}, {"model": "auth.permission", "pk": 10, "fields": {"name": "Can change group", "content_type": 3, "codename": "change_group"}}, {"model": "auth.permission", "pk": 11, "fields": {"name": "Can delete group", "content_type": 3, "codename": "delete_group"}}, {"model": "auth.permission", "pk": 12, "fields": {"name": "Can view group", "content_type": 3, "codename": "view_group"}}, {"model": "auth.permission", "pk": 13, "fields": {"name": "Can add user", "content_type": 4, "codename": "add_user"}}, {"model": "auth.permission", "pk": 14, "fields": {"name": "Can change user", "content_type": 4, "codename": "change_user"}}, {"model": "auth.permission", "pk": 15, "fields": {"name": "Can delete user", "content_type": 4, "codename": "delete_user"}}, {"model": "auth.permission", "pk": 16, "fields": {"name": "Can view user", "content_type": 4, "codename": "view_user"}}, {"model": "auth.permission", "pk": 17, "fields": {"name": "Can add content type", "content_type": 5, "codename": "add_contenttype"}}, {"model": "auth.permission", "pk": 18, "fields": {"name": "Can change content type", "content_type": 5, "codename": "change_contenttype"}}, {"model": "auth.permission", "pk": 19, "fields": {"name": "Can delete content type", "content_type": 5, "codename": "delete_contenttype"}}, {"model": "auth.permission", "pk": 20, "fields": {"name": "Can view content type", "content_type": 5, "codename": "view_contenttype"}}, {"model": "auth.permission", "pk": 21, "fields": {"name": "Can add session", "content_type": 6, "codename": "add_session"}}, {"model": "auth.permission", "pk": 22, "fields": {"name": "Can change session", "content_type": 6, "codename": "change_session"}}, {"model": "auth.permission", "pk": 23, "fields": {"name": "Can delete session", "content_type": 6, "codename": "delete_session"}}, {"model": "auth.permission", "pk": 24, "fields": {"name": "Can view session", "content_type": 6, "codename": "view_session"}}, {"model": "auth.permission", "pk": 25, "fields": {"name": "Can add author", "content_type": 7, "codename": "add_author"}}, {"model": "auth.permission", "pk": 26, "fields": {"name": "Can change author", "content_type": 7, "codename": "change_author"}}, {"model": "auth.permission", "pk": 27, "fields": {"name": "Can delete author", "content_type": 7, "codename": "delete_author"}}, {"model": "auth.permission", "pk": 28, "fields": {"name": "Can view author", "content_type": 7, "codename": "view_author"}}, {"model": "auth.permission", "pk": 29, "fields": {"name": "Can add category", "content_type": 8, "codename": "add_category"}}, {"model": "auth.permission", "pk": 30, "fields": {"name": "Can change category", "content_type": 8, "codename": "change_category"}}, {"model": "auth.permission", "pk": 31, "fields": {"name": "Can delete category", "content_type": 8, "codename": "delete_category"}}, {"model": "auth.permission", "pk": 32, "fields": {"name": "Can view category", "content_type": 8, "codename": "view_category"}}, {"model": "auth.permission", "pk": 33, "fields": {"name": "Can add post", "content_type": 9, "codename": "add_post"}}, {"model": "auth.permission", "pk": 34, "fields": {"name": "Can change post", "content_type": 9, "codename": "change_post"}}, {"model": "auth.permission", "pk": 35, "fields": {"name": "Can delete post", "content_type": 9, "codename": "delete_post"}}, {"model": "auth.permission", "pk": 36, "fields": {"name": "Can view post", "content_type": 9, "codename": "view_post"}}, {"model": "auth.permission", "pk": 37, "fields": {"name": "Can add post category", "content_type": 10, "codename": "add_postcategory"}}, {"model": "auth.permission", "pk": 38, "fields": {"name": "Can change post category", "content_type": 10, "codename": "change_postcategory"}}, {"model": "auth.permission", "pk": 39, "fields": {"name": "Can delete post category", "content_type": 10, "codename": "delete_postcategory"}}, {"model": "auth.permission", "pk": 40, "fields": {"name": "Can view post category", "content_type": 10, "codename": "view_postcategory"}}, {"model": "auth.permission", "pk": 41, "fields": {"name": "Can add comment", "content_type": 11, "codename": "add_comment"}}, {"model": "auth.permission", "pk": 42, "fields": {"name": "Can change comment", "content_type": 11, "codename": "change_comment"}}, {"model": "auth.permission", "pk": 43, "fields": {"name": "Can delete comment", "content_type": 11, "codename": "delete_comment"}}, {"model": "auth.permission", "pk": 44, "fields": {"name": "Can view comment", "content_type": 11, "codename": "view_comment"}}, {"model": "auth.permission", "pk": 45, "fields": {"name": "Can add site", "content_type": 12, "codename": "add_site"}}, {"model": "auth.permission", "pk": 46, "fields": {"name": "Can change site", "content_type": 12, "codename": "change_site"}}, {"model": "auth.permission", "pk": 47, "fields": {"name": "Can delete site", "content_type": 12, "codename": "delete_site"}}, {"model": "auth.permission", "pk": 48, "fields": {"name": "Can view site", "content_type": 12, "codename": "view_site"}}, {"model": "auth.permission", "pk": 49, "fields": {"name": "Can add flat page", "content_type": 13, "codename": "add_flatpage"}}, {"model": "auth.permission", "pk": 50, "fields": {"name": "Can change flat page", "content_type": 13, "codename": "change_flatpage"}}, {"model": "auth.permission", "pk": 51, "fields": {"name": "Can delete flat page", "content_type": 13, "codename": "delete_flatpage"}}, {"model": "auth.permission", "pk": 52, "fields": {"name": "Can view flat page", "content_type": 13, "codename": "view_flatpage"}}, {"model": "auth.permission", "pk": 53, "fields": {"name": "Can add email address", "content_type": 14, "codename": "add_emailaddress"}}, {"model": "auth.permission", "pk": 54, "fields": {"name": "Can change email address", "content_type": 14, "codename": "change_emailaddress"}}, {"model": "auth.permission", "pk": 55, "fields": {"name": "Can delete email address", "content_type": 14, "codename": "delete_emailaddress"}}, {"model": "auth.permission", "pk": 56, "fields": {"name": "Can view email address", "content_type": 14, "codename": "view_emailaddress"}}, {"model": "auth.permission", "pk": 57, "fields": {"name": "Can add email confirmation", "content_type": 15, "codename": "add_emailconfirmation"}}, {"model": "auth.permission", "pk": 58, "fields": {"name": "Can change email confirmation", "content_type": 15, "codename": "change_emailconfirmation"}}, {"model": "auth.permission", "pk": 59, "fields": {"name": "Can delete email confirmation", "content_type": 15, "codename": "delete_emailconfirmation"}}, {"model": "auth.permission", "pk": 60, "fields": {"name": "Can view email confirmation", "content_type": 15, "codename": "view_emailconfirmation"}}, {"model": "auth.permission", "pk": 61, "fields": {"name": "Can add social account", "content_type": 16, "codename": "add_socialaccount"}}, {"model": "auth.permission", "pk": 62, "fields": {"name": "Can change social account", "content_type": 16, "codename": "change_socialaccount"}}, {"model": "auth.permission", "pk": 63, "fields": {"name": "Can delete social account", "content_type": 16, "codename": "delete_socialaccount"}}, {"model": "auth.permission", "pk": 64, "fields": {"name": "Can view social account", "content_type": 16, "codename": "view_socialaccount"}}, {"model": "auth.permission", "pk": 65, "fields": {"name": "Can add social application", "content_type": 17, "codename": "add_socialapp"}}, {"model": "auth.permission", "pk": 66, "fields": {"name": "Can change social application", "content_type": 17, "codename": "change_socialapp"}}, {"model": "auth.permission", "pk": 67, "fields": {"name": "Can delete social application", "content_type": 17, "codename": "delete_socialapp"}}, {"model": "auth.permission", "pk": 68, "fields": {"name": "Can view social application", "content_type": 17, "codename": "view_socialapp"}}, {"model": "auth.permission", "pk": 69, "fields": {"name": "Can add social application token", "content_type": 18, "codename": "add_socialtoken"}}, {"model": "auth.permission", "pk": 70, "fields": {"name": "Can change social application token", "content_type": 18, "codename": "change_socialtoken"}}, {"model": "auth.permission", "pk": 71, "fields": {"name": "Can delete social application token", "content_type": 18, "codename": "delete_socialtoken"}}, {"model": "auth.permission", "pk": 72, "fields": {"name": "Can view social application token", "content_type": 18, "codename": "view_socialtoken"}}, {"model": "auth.permission", "pk": 73, "fields": {"name": "Can add subscriber", "content_type": 19, "codename": "add_subscriber"}}, {"model": "auth.permission", "pk": 74, "fields": {"name": "Can change subscriber", "content_type": 19, "codename": "change_subscriber"}}, {"model": "auth.permission", "pk": 75, "fields": {"name": "Can delete subscriber", "content_type": 19, "codename": "delete_subscriber"}}, {"model": "auth.permission", "pk": 76, "fields": {"name": "Can view subscriber", "content_type": 19, "codename": "view_subscriber"}}, {"model": "auth.permission", "pk": 77, "fields": {"name": "Can add subscription", "content_type": 20, "codename": "add_subscription"}}, {"model": "auth.permission", "pk": 78, "fields": {"name": "Can change subscription", "content_type": 20, "codename": "change_subscription"}}, {"model": "auth.permission", "pk": 79, "fields": {"name": "Can delete subscription", "content_type": 20, "codename": "delete_subscription"}}, {"model": "auth.permission", "pk": 80, "fields": {"name": "Can view subscription", "content_type": 20, "codename": "view_subscription"}}, {"model": "auth.permission", "pk": 81, "fields": {"name": "Can add django job", "content_type": 21, "codename": "add_djangojob"}}, {"model": "auth.permission", "pk": 82, "fields": {"name": "Can change django job", "content_type": 21, "codename": "change_djangojob"}}, {"model": "auth.permission", "pk": 83, "fields": {"name": "Can delete django job", "content_type": 21, "codename": "delete_djangojob"}}, {"model": "auth.permission", "pk": 84, "fields": {"name": "Can view django job", "content_type": 21, "codename": "view_djangojob"}}, {"model": "auth.permission", "pk": 85, "fields": {"name": "Can add django job execution", "content_type": 22, "codename": "add_djangojobexecution"}}, {"model": "auth.permission", "pk": 86, "fields": {"name": "Can change django job execution", "content_type": 22, "codename": "change_djangojobexecution"}}, {"model": "auth.permission", "pk": 87, "fields": {"name": "Can delete django job execution", "content_type": 22, "codename": "delete_djangojobexecution"}}, {"model": "auth.permission", "pk": 88, "fields": {"name": "Can view django job execution", "content_type": 22, "codename": "view_djangojobexecution"}}, {"model": "auth.group", "pk": 1, "fields": {"name": "authors", "permissions": [33, 34, 35]}}, {"model": "auth.group", "pk": 2, "fields": {"name": "visitor", "permissions": []}}, {"model": "auth.group", "pk": 3, "fields": {"name": "admin", "permissions": [53, 54, 55, 56, 57, 58, 59, 60, 1, 2, 3, 4, 9, 10, 11, 12, 5, 6, 7, 8, 13, 14, 15, 16, 17, 18, 19, 20, 49, 50, 51, 52, 25, 26, 27, 28, 29, 30, 31, 32, 41, 42, 43, 44, 33, 34, 35, 36, 37, 38, 39, 40, 21, 22, 23, 24, 45, 46, 47, 48, 61, 62, 63, 64, 65, 66, 67, 68, 69, 70, 71, 72]}}, {"model": "auth.user", "pk": 1, "fields": {"password": "", "last_login": null, "is_superuser": false, "username": "─ ф  ┬шЄ ", "first_name": "", "last_name": "", "email": "", "is_staff": false, "is_active": true, "date_joined": "2023-06-23T18:47:49.203Z", "groups": [], "user_permissions": []}}, {"model": "auth.user", "pk": 2, "fields": {"password": "!8dSk2M83NhpCruXImqA3rrxQAunIArfVEnyj1uZD", "last_login": null, "is_superuser": false, "username": "TimC", "first_name": "", "last_name": "", "email": "", "is_staff": false, "is_active": true, "date_joined": "2023-06-23T18:55:04.385Z", "groups": [], "user_permissions": []}}, {"model": "auth.user", "pk": 3, "fields": {"password": "!GqKVvOu1dr4g7oFGLGovTUWaPePCOJDesShsYcpJ", "last_login": null, "is_superuser": false, "username": "Sam", "first_name": "", "last_name": "", "email": "", "is_staff": false, "is_active": true, "date_joined": "2023-06-23T19:05:29.893Z", "groups": [], "user_permissions": []}}, {"model": "auth.user", "pk": 4, "fields": {"password": "!GdXLkHxp1eVmSStdv3654uceUywAw4G2OtTUxc7O", "last_login": null, "is_superuser": false, "username": "Tomm", "first_name": "", "last_name": "", "email": "", "is_staff": false, "is_active": true, "date_joined": "2023-06-25T15:03:25.412Z", "groups": [], "user_permissions": []}}, {"model": "auth.user", "pk": 5, "fields": {"password": "!pI1SwP8zwRUc2ezozlCMlH9OvUiNGjmQIBDRRjU9", "last_login": null, "is_superuser": false, "username": "Ivan", "first_name": "", "last_name": "", "email": "", "is_staff": false, "is_active": true, "date_joined": "2023-06-27T14:29:45.069Z", "groups": [], "user_permissions": []}}, {"model": "auth.user", "pk": 6, "fields": {"password": "12345", "last_login": "2023-06-29T14:32:00Z", "is_superuser": true, "username": "Ilia", "first_name": "╚ы№ ", "last_name": "╩рышэшўхэъю", "email": "", "is_staff": true, "is_active": true, "date_joined": "2023-06-27T14:31:09Z", "groups": [1], "user_permissions": [26]}}, {"model": "auth.user", "pk": 7, "fields": {"password": "pbkdf2_sha256$600000$1MjsoqIp5eMzx5pAWJ4Abq$+ZuMG5B2wy9N6ESSalhtBtZv/EHjsDSSgC2fI8przq8=", "last_login": "2023-08-05T18:50:28.021Z", "is_superuser": true, "username": "admin", "first_name": "", "last_name": "", "email": "gazmiass@mail.com", "is_staff": true, "is_active": true, "date_joined": "2023-06-28T11:35:49Z", "groups": [1, 2], "user_permissions": []}}, {"model": "auth.user", "pk": 8, "fields": {"password": "pbkdf2_sha256$600000$s4PXn7bWsr7nK7UfbCEux4$g7IqkRcRl5BhHWgvn2RMqVJ9i9eaU6VCODwUqDn11ag=", "last_login": null, "is_superuser": false, "username": "Grigiry", "first_name": "", "last_name": "", "email": "", "is_staff": false, "is_active": true, "date_joined": "2023-06-29T14:34:55Z", "groups": [1], "user_permissions": []}}, {"model": "auth.user", "pk": 9, "fields": {"password": "pbkdf2_sha256$600000$kGs3BlEwxjGG668QgR0SmY$hFQUbQaNJA7vhWccUE2kMNhpnqFJRK1yo5GVN1XsYPQ=", "last_login": null, "is_superuser": false, "username": "Sergo", "first_name": "", "last_name": "", "email": "", "is_staff": false, "is_active": true, "date_joined": "2023-07-03T13:38:19.539Z", "groups": [], "user_permissions": []}}, {"model": "auth.user", "pk": 10, "fields": {"password": "pbkdf2_sha256$600000$prelcfV1N90GdLRp4DSRDA$/wsfvGsF2wsNmVnY20YRYM4alsOXoZN+kaTgDQvyIhY=", "last_login": null, "is_superuser": false, "username": "Yli", "first_name": "", "last_name": "", "email": "", "is_staff": false, "is_active": true, "date_joined": "2023-07-03T13:38:42.461Z", "groups": [], "user_permissions": []}}, {"model": "auth.user", "pk": 11, "fields": {"password": "pbkdf2_sha256$600000$9i7wrj8PAqQ74UhqLDjFz6$I8D005mT7g8zM3jY5sJNAb9MulGJf1aHSbMUF9H/qCE=", "last_login": null, "is_superuser": false, "username": "Bill", "first_name": "", "last_name": "", "email": "", "is_staff": false, "is_active": true, "date_joined": "2023-07-03T13:38:54.381Z", "groups": [], "user_permissions": []}}, {"model": "auth.user", "pk": 12, "fields": {"password": "pbkdf2_sha256$600000$avNrP1XqaYnW7NcMPIH2Sc$JQUm9z6IKF3qbzKVbpRmt/MmhE8HQVoeqXu9JdvL96Q=", "last_login": "2023-07-11T12:02:23Z", "is_superuser": false, "username": "Leha", "first_name": "", "last_name": "", "email": "", "is_staff": false, "is_active": true, "date_joined": "2023-07-03T13:39:28Z", "groups": [1], "user_permissions": []}}, {"model": "auth.user", "pk": 13, "fields": {"password": "pbkdf2_sha256$600000$zszkbAVIdntPubJYczpzMS$Q/yniiKvCbb+HvogYqmgn8zyXAKAavMwswBWtdqN5bg=", "last_login": "2023-07-11T12:39:43Z", "is_superuser": false, "username": "lyly", "first_name": "li", "last_name": "Hah", "email": "ivanov.ivan@gmail.com", "is_staff": false, "is_active": true, "date_joined": "2023-07-11T12:39:40Z", "groups": [1], "user_permissions": []}}, {"model": "auth.user", "pk": 14, "fields": {"password": "pbkdf2_sha256$600000$pJ6ZbfwmgbJdy3GDwkTfDP$Hxgja8xjzMzgu+q3EA2ToBJellXiRsBeIhGrG9FWQMw=", "last_login": "2023-07-11T14:11:55Z", "is_superuser": false, "username": "dsfgddfg", "first_name": "", "last_name": "", "email": "dsfgddfg@mail.ru", "is_staff": false, "is_active": true, "date_joined": "2023-07-11T14:11:54Z", "groups": [2], "user_permissions": []}}, {"model": "auth.user", "pk": 15, "fields": {"password": "pbkdf2_sha256$600000$kMdo2JQh6l6QyNauzhx7Gn$KYyvkA9o9uRxdG29n8kRS77Ohupy7ZfP1ZUIOMOzNio=", "last_login": null, "is_superuser": false, "username": "323erwferdggd", "first_name": "", "last_name": "", "email": "323erwferdggd@bnnc.ru", "is_staff": false, "is_active": true, "date_joined": "2023-07-12T13:57:15.536Z", "groups": [], "user_permissions": []}}, {"model": "auth.user", "pk": 16, "fields": {"password": "pbkdf2_sha256$600000$cCSsgrN34OwuLrONt8e55Y$m8simM75G1k1UC5Z0jPiDqJBGR8wsD+fvChwpYvADcs=", "last_login": "2023-07-13T08:50:48.510Z", "is_superuser": false, "username": "ka2", "first_name": "", "last_name": "", "email": "ka2@23.ru", "is_staff": false, "is_active": true, "date_joined": "2023-07-12T13:59:06Z", "groups": [1], "user_permissions": []}}, {"model": "auth.user", "pk": 17, "fields": {"password": "pbkdf2_sha256$600000$U0O03TtNSn7tVQlwktrl2Y$wHuETqFgcGZhu4o9ysV38HhZ61Bh4G2+13op5WPBss8=", "last_login": "2023-07-13T08:50:15.781Z", "is_superuser": false, "username": "dsfgdwewdfg", "first_name": "", "last_name": "", "email": "12@mail.ru", "is_staff": false, "is_active": true, "date_joined": "2023-07-12T15:01:19Z", "groups": [2], "user_permissions": []}}, {"model": "auth.user", "pk": 20, "fields": {"password": "pbkdf2_sha256$600000$6XrXh3Nx73FJS5mgqDHy9i$uGqEMfr/JI/01IkeWNO4gpl8sQK7TXevICckw3GTaRQ=", "last_login": "2023-07-14T12:46:59.521Z", "is_superuser": false, "username": "eeeeee", "first_name": "", "last_name": "", "email": "eeeeee@ma.ru", "is_staff": false, "is_active": true, "date_joined": "2023-07-14T12:46:58.395Z", "groups": [2], "user_permissions": []}}, {"model": "auth.user", "pk": 21, "fields": {"password": "!VZVAUMB4GbGfMh1gEc6xRnCbBujHRSuym12eVRqZ", "last_login": "2023-08-05T18:49:58.238Z", "is_superuser": false, "username": "╚ы№ ", "first_name": "╚ы№ ", "last_name": "╩рышэшўхэъю", "email": "ilya.kalini4enko@yandex.ru", "is_staff": false, "is_active": true, "date_joined": "2023-07-14T12:50:19.433Z", "groups": [], "user_permissions": []}}, {"model": "auth.user", "pk": 23, "fields": {"password": "pbkdf2_sha256$600000$1GVKlK68yLMJxkpkXTz463$jvzZFgN8vPlYAPDZEAN/TzPyKvtL6O0Pw2ZBvHCBxQ0=", "last_login": "2023-07-17T09:38:18.681Z", "is_superuser": false, "username": "kalinichenko.ilya", "first_name": "", "last_name": "", "email": "kalinichenko.ilya@gmail.com", "is_staff": false, "is_active": true, "date_joined": "2023-07-17T09:38:17.426Z", "groups": [2], "user_permissions": []}}, {"model": "contenttypes.contenttype", "pk": 1, "fields": {"app_label": "admin", "model": "logentry"}}, {"model": "contenttypes.contenttype", "pk": 2, "fields": {"app_label": "auth", "model": "permission"}}, {"model": "contenttypes.contenttype", "pk": 3, "fields": {"app_label": "auth", "model": "group"}}, {"model": "contenttypes.contenttype", "pk": 4, "fields": {"app_label": "auth", "model": "user"}}, {"model": "contenttypes.contenttype", "pk": 5, "fields": {"app_label": "contenttypes", "model": "contenttype"}}, {"model": "contenttypes.contenttype", "pk": 6, "fields": {"app_label": "sessions", "model": "session"}}, {"model": "contenttypes.contenttype", "pk": 7, "fields": {"app_label": "news", "model": "author"}}, {"model": "contenttypes.contenttype", "pk": 8, "fields": {"app_label": "news", "model": "category"}}, {"model": "contenttypes.contenttype", "pk": 9, "fields": {"app_label": "news", "model": "post"}}, {"model": "contenttypes.contenttype", "pk": 10, "fields": {"app_label": "news", "model": "postcategory"}}, {"model": "contenttypes.contenttype", "pk": 11, "fields": {"app_label": "news", "model": "comment"}}, {"model": "contenttypes.contenttype", "pk": 12, "fields": {"app_label": "sites", "model": "site"}}, {"model": "contenttypes.contenttype", "pk": 13, "fields": {"app_label": "flatpages", "model": "flatpage"}}, {"model": "contenttypes.contenttype", "pk": 14, "fields": {"app_label": "account", "model": "emailaddress"}}, {"model": "contenttypes.contenttype", "pk": 15, "fields": {"app_label": "account", "model": "emailconfirmation"}}, {"model": "contenttypes.contenttype", "pk": 16, "fields": {"app_label": "socialaccount", "model": "socialaccount"}}, {"model": "contenttypes.contenttype", "pk": 17, "fields": {"app_label": "socialaccount", "model": "socialapp"}}, {"model": "contenttypes.contenttype", "pk": 18, "fields": {"app_label": "socialaccount", "model": "socialtoken"}}, {"model": "contenttypes.contenttype", "pk": 19, "fields": {"app_label": "news", "model": "subscriber"}}, {"model": "contenttypes.contenttype", "pk": 20, "fields": {"app_label": "news", "model": "subscription"}}, {"model": "contenttypes.contenttype", "pk": 21, "fields": {"app_label": "django_apscheduler", "model": "djangojob"}}, {"model": "contenttypes.contenttype", "pk": 22, "fields": {"app_label": "django_apscheduler", "model": "djangojobexecution"}}, {"model": "sessions.session", "pk": "3idydpl2084r9axcd5s98qb37imxqbcq", "fields": {"session_data": ".eJxVjMsOwiAQRf-FtSHDS8Sl-34DgWGQqoGktCvjv1uSLnR7zrn3zXzY1uK3ToufE7syy06_LAZ8Uh0iPUK9N46trssc-Uj4YTufWqLX7Wj_DkroZawBMLsLJu0EOALKMcqsrVRyhxKF0ugw292eXdZgDZkowShyKQqR2OcL7TI31A:1qETUF:0-wZAyWU-gUGXIp-hTemRM_PuRBSiSGDEV7tdLnilAg", "expire_date": "2023-07-12T11:37:27.982Z"}}, {"model": "sessions.session", "pk": "b567fdmek7f4e5o4r8173fae39rjerji", "fields": {"session_data": ".eJxVjMsOwiAQRf-FtSHDS8Sl-34DgWGQqoGktCvjv1uSLnR7zrn3zXzY1uK3ToufE7syy06_LAZ8Uh0iPUK9N46trssc-Uj4YTufWqLX7Wj_DkroZawBMLsLJu0EOALKMcqsrVRyhxKF0ugw292eXdZgDZkowShyKQqR2OcL7TI31A:1qJC5g:5V2PIfwfCIZcThRfvK5E5xUuUyawSN9W4W4OPQXOUyg", "expire_date": "2023-07-25T12:03:36.906Z"}}, {"model": "sessions.session", "pk": "dtp4djnk1b1i0zxcc9pu4kbi6ynw9ns1", "fields": {"session_data": ".eJxVjEFPhDAQRv_LnAlbShG7R--eNDFqDGmnAxSxJZ2SmGz2v1vMXvY2ee99cwGO6M1qEOMe8sDZZILz5wUC_WY4w4l3y5j8ln0MfIIKthSRmItb4-RDIYxxKyMop9nzPGwmmZ8jgGsFy-vyJqegXt4_GL4qGP6TnSkN3pWmhztmDX5TOIRbTJhijTHk5G19JPXNcv0cHa1Pt_buwWx4PtZC4Kgf0SndCE2CRmvlqHrZygIlNq1CjWNf7IMeleg76qwUXUva2aZxcP0DFHddwQ:1qN7lX:RLLVJRND6Sggpad9k7Yo1TwW1d3jAt_7fBsbtGWn_tc", "expire_date": "2023-08-05T08:15:03.141Z"}}, {"model": "sessions.session", "pk": "jwx1saolog70swmfwg21pqvtp5v7897m", "fields": {"session_data": ".eJxVjMsOwiAQRf-FtSHDS8Sl-34DgWGQqoGktCvjv1uSLnR7zrn3zXzY1uK3ToufE7syy06_LAZ8Uh0iPUK9N46trssc-Uj4YTufWqLX7Wj_DkroZawBMLsLJu0EOALKMcqsrVRyhxKF0ugw292eXdZgDZkowShyKQqR2OcL7TI31A:1qEsQo:_Xs3EV5qImf5rzZ16f5dceAULvs8PLyzBDalCcUNiy0", "expire_date": "2023-07-13T14:15:34.030Z"}}, {"model": "sessions.session", "pk": "o14pdglw040oq6nxdm4c5b5r1zwh6thd", "fields": {"session_data": ".eJxVjMsOwiAQRf-FtSHDS8Sl-34DgWGQqoGktCvjv1uSLnR7zrn3zXzY1uK3ToufE7syy06_LAZ8Uh0iPUK9N46trssc-Uj4YTufWqLX7Wj_DkroZawBMLsLJu0EOALKMcqsrVRyhxKF0ugw292eXdZgDZkowShyKQqR2OcL7TI31A:1qFJJX:qGcIVm8AyymRx-nYAFjjh7fZbOuq8YHAIzQqiWmm0Y0", "expire_date": "2023-07-14T18:57:51.878Z"}}, {"model": "sessions.session", "pk": "or9ovjy4j6due4aceh1kqyuorc8vv3qu", "fields": {"session_data": ".eJxVjMsOwiAQRf-FtSHDS8Sl-34DgWGQqoGktCvjv1uSLnR7zrn3zXzY1uK3ToufE7syy06_LAZ8Uh0iPUK9N46trssc-Uj4YTufWqLX7Wj_DkroZawBMLsLJu0EOALKMcqsrVRyhxKF0ugw292eXdZgDZkowShyKQqR2OcL7TI31A:1qEsby:0wuzR-g4hJlOow-Y0mB0_F0IYtCkc3taGGg-gZgiy5c", "expire_date": "2023-07-13T14:27:06.894Z"}}, {"model": "sessions.session", "pk": "r4nbkherof4vv78da2ywkblkmhr3jc4u", "fields": {"session_data": ".eJxVjMsOwiAQRf-FtSHDS8Sl-34DgWGQqoGktCvjv1uSLnR7zrn3zXzY1uK3ToufE7syy06_LAZ8Uh0iPUK9N46trssc-Uj4YTufWqLX7Wj_DkroZawBMLsLJu0EOALKMcqsrVRyhxKF0ugw292eXdZgDZkowShyKQqR2OcL7TI31A:1qSMM8:iUgy2wVkMCD9Fdf6GwVDwIUF91AaBt2sPzCBQpjRWuE", "expire_date": "2023-08-19T18:50:28.027Z"}}, {"model": "sessions.session", "pk": "vzmx3i9zzech63q3o07ixowznaochh8c", "fields": {"session_data": ".eJxVjMsOwiAQRf-FtSHDS8Sl-34DgWGQqoGktCvjv1uSLnR7zrn3zXzY1uK3ToufE7syy06_LAZ8Uh0iPUK9N46trssc-Uj4YTufWqLX7Wj_DkroZawBMLsLJu0EOALKMcqsrVRyhxKF0ugw292eXdZgDZkowShyKQqR2OcL7TI31A:1qEsKK:Fmyr_Ny1TtpT5riuKrsjVomRf3OirNWtkKlwCxItrGo", "expire_date": "2023-07-13T14:08:52.789Z"}}, {"model": "sites.site", "pk": 1, "fields": {"domain": "127.0.0.1", "name": "example.com"}}, {"model": "news.author", "pk": 1, "fields": {"author": 3, "rating_author": 32}}, {"model": "news.author", "pk": 2, "fields": {"author": 4, "rating_author": 44}}, {"model": "news.author", "pk": 3, "fields": {"author": 5, "rating_author": 24}}, {"model": "news.author", "pk": 4, "fields": {"author": 6, "rating_author": 81}}, {"model": "news.author", "pk": 5, "fields": {"author": 8, "rating_author": 932}}, {"model": "news.author", "pk": 6, "fields": {"author": 9, "rating_author": 0}}, {"model": "news.category", "pk": 1, "fields": {"name_category_post": "IT"}}, {"model": "news.category", "pk": 2, "fields": {"name_category_post": "╤яюЁЄ"}}, {"model": "news.category", "pk": 3, "fields": {"name_category_post": "┴юъё"}}, {"model": "news.category", "pk": 4, "fields": {"name_category_post": "╨√срЄър"}}, {"model": "news.category", "pk": 5, "fields": {"name_category_post": "╨рчэюх"}}, {"model": "news.category", "pk": 6, "fields": {"name_category_post": "╨рчэюх1"}}, {"model": "news.category", "pk": 7, "fields": {"name_category_post": "╨рчэюх76"}}, {"model": "news.post", "pk": 1, "fields": {"author": 1, "category_type": "EV", "date_of_creation": "2023-06-30T10:57:55.691Z", "post_category": 1, "article_title": "╓рЁ№уЁрф", "text": "┬ырёЄш яхЁхфрфєЄ л╒юутрЁЄё╗ эр эрсхЁхцэющ Ёхъш ╩єсрэ№ эр срырэё л╩ЁрёэюфрЁёъшї ярЁъют╗\r\n┬ырёЄш ╩ЁрёэюфрЁр яхЁхфрфєЄ эхфюёЄЁющ эр ╟рЄюэх ╠┴╙╩ л╩ЁрёэюфрЁёъшх ярЁъш╗.\r\nBFM ╩єсрэ№\r\n┬шф ЁрчЁх°хээюую шёяюы№чютрэш  Ц л╬с·хъЄ√ ъєы№ЄєЁэю-фюёєуютющ фх Єхы№эюёЄш╗.\r\n╩╧ - ╩єсрэ№\r\n╤хщўрё шфхЄ яЁюЎхфєЁр юЇюЁьыхэш  яхЁхфрўш юс·хъЄр т яюёЄю ээюх яюы№чютрэшх ╠┴╙╩ л╩ЁрёэюфрЁёъшх ярЁъш╗, ъюЄюЁюх єяЁрты хЄ ярЁърьш ёЄюышЎ√ ╩єсрэш.\r\n╩єсрэ№ 24\r\n╨рсюЄє эрф яЁюхъЄюь чртхЁ°хэш  ёЄЁюшЄхы№ёЄтр лчрьър╗ яырэшЁютрыш эрўрЄ№ тхёэющ 2022 уюфр.", "rating": 0}}, {"model": "news.post", "pk": 2, "fields": {"author": 2, "category_type": "AR", "date_of_creation": "2023-06-29T15:01:35.566Z", "post_category": 1, "article_title": "═єфышэу", "text": "╧ю тшыё  эр ■ух ╤╪└, ш  ты хЄё  ьхЄюфюь ыютыш ёюьр уюы√ьш Ёєърьш. ═єфышэу т эрёЄю ∙хх тЁхь  ЁрчЁх°╕э т юфшээрфЎрЄш °ЄрЄрї ╤╪└. ╥хЁьшэ л═єфышэу╗, їюЄ  ш шёяюы№чєхЄё  яЁш ыютых ёюьр, ьюцхЄ яЁшьхэ Є№ё  ъю тёхь Ёєўэ√ь ьхЄюфрь Ё√срыъш, эхчртшёшью юЄ ёяюёюср ыютыш шыш тшфют Ё√с.", "rating": 34}}, {"model": "news.post", "pk": 3, "fields": {"author": 1, "category_type": "AR", "date_of_creation": "2023-06-30T11:31:14.313Z", "post_category": 1, "article_title": "╩ЁрёэюфрЁЎ√ эх фр■Є Ё¤яхЁє PLC яюёЄЁюшЄ№ ёяюЁЄштэє■ яыю∙рфъє", "text": "╨¤яхЁ PLC (эрёЄю ∙хх шь  ╤хЁухщ ╥Ёє∙хт) їюЄхы сыруюєёЄЁюшЄ№ ёяюЁЄяыю∙рфъє тю фтюЁх фюьр т ╩ЁрёэюфрЁх, уфх Ёрэхх ёэшьры ъышя. ╬с ¤Єюь ёююс∙рхЄ л╧юф·хь╗.\r\n\r\n═р ёЄрЁющ ёяюЁЄштэющ яыю∙рфъх яю єышЎх ├єфшь√ Ё¤яхЁ ёэшьры ъышя ёю чтхчфрьш ЇєЄсюы№эюую ъыєср л╩ЁрёэюфрЁ╗.\r\n\r\n╠єч√ърэЄ эр°хы ЇшэрэёшЁютрэшх, ЁрчЁрсюЄры яЁюхъЄ ш чрЁєўшыё  яюффхЁцъющ тырёЄхщ, юфэръю ъЁрёэюфрЁЎ√ эх їюЄ Є, ўЄюс√ яюф юъэрьш °єьхыш фхЄш.\r\n\r\nл╙яЁртфюь юўхэ№ эхурЄштэю эрёЄЁюхэр. ╬эр ёюсЁрыр ётюшї фЁєчхщ-ёюёхфхщ, шэшЎшрЄштэє■ уЁєяяє, юэш ърЄхуюЁшўхёъш яЁюЄшт, яюЄюьє, ўЄю сєфхЄ ёыш°ъюь ьэюую ръЄштэюёЄхщ є эшї тю фтюЁх ё Єръющ яыю∙рфъющ╗, Ч ёърчры юэ, єЄюўэшт, ўЄю чр яЁюхъЄ т√ёърчрышё№ ш єяЁрты ■∙р  ъюьярэш , ш рфьшэшёЄЁрЎш  уюЁюфр.\r\n\r\n╠єч√ърэЄ ЁрёёьрЄЁштрхЄ т ърўхёЄтх чрярёэюую трЁшрэЄр яхЁхэюё яЁюхъЄр т фЁєуюх ьхёЄю.\r\n\r\n─ю ¤Єюую ёЄрыю шчтхёЄэю, ўЄю т Ё¤яхЁр Mayot ъшэєыш сюЄшэъюь эр ъюэЎхЁЄх т ═шцэхь ═ютуюЁюфх.\r\n\r\n╨рэхх ёяхъЄръы№ юс ╤┬╬, юЄьхэхээ√щ т ╧хЁьёъюь ъЁрх, яюёЄртшыш т ╥єых.", "rating": 0}}, {"model": "news.post", "pk": 4, "fields": {"author": 4, "category_type": "NW", "date_of_creation": "2023-06-27T15:05:22.352Z", "post_category": 1, "article_title": "╥Ёрья", "text": "┬└╪╚═├╥╬═, 30 ш■э - ╨╚└ ═ютюёЄш. ┴√т°шщ рьхЁшърэёъшщ яЁхчшфхэЄ ─юэры№ф ╥Ёрья чр тшы т шэЄхЁт№■ рухэЄёЄтє ╨хщЄхЁ, ўЄю ╤╪└ яюЁр яЁхфяЁшэ Є№ яюя√Єъє яЁштхёЄш ╨юёёш■ ш ╙ъЁршэє ъ ьшЁє, эх шёъы■ўшт ЄхЁЁшЄюЁшры№э√ї єёЄєяюъ т яюы№чє яхЁтющ.\r\n╥Ёрья, ъюЄюЁ√щ ёрь юсх∙рхЄ юёЄрэютшЄ№ ъюэЇышъЄ чр 24 ўрёр т ёыєўрх яюсхф√ эр яЁхчшфхэЄёъшї т√сюЁрї 2024 уюфр, яЁхфыюцшы тъы■ўшЄ№ т яютхёЄъє яюЄхэЎшры№э√ї ьшЁэ√ї яхЁхуютюЁют ы■с√х ёяюЁэ√х тюяЁюё√.\r\n\"▀ фєьр■, ўЄю ёрьюх уыртэюх, ўхь ╤╪└ ёыхфютрыю с√ яЁ ью ёхщўрё чрэ Є№ё , - ¤Єю фюсшЄ№ё  ьшЁр, ётхёЄш ╨юёёш■ ш ╙ъЁршэє ш фюсшЄ№ё  ьшЁр. ═рёЄрыю тЁхь  ¤Єю ёфхырЄ№ - ётхёЄш юсх ёЄюЁюэ√ тьхёЄх, ўЄюс√ яЁшэєфшЄ№ ъ ьшЁє\", - ЎшЄшЁєхЄ ╥Ёрьяр рухэЄёЄтю.\r\n\"▀ їюўє, ўЄюс√ ы■фш яхЁхёЄрыш яюушсрЄ№ эр ¤Єющ эхёєЁрчэющ тющэх\", - фюсртшы юэ.\r\n╨хщЄхЁ яш°хЄ, ўЄю ╥Ёрья т їюфх ЄхыхЇюээюую шэЄхЁт№■ эх шёъы■ўшы, ўЄю яЁртшЄхы№ёЄтє т ╩шхтх яЁшфхЄё  єёЄєяшЄ№ эхъюЄюЁ√х ЄхЁЁшЄюЁшш ╨юёёшш Ёрфш яЁхъЁр∙хэш  сюхт√ї фхщёЄтшщ.\r\n╤хщўрё ╤╪└ т√ёЄєяр■Є чр т√тюф Ёюёёшщёъшї тющёъ ёю тёхї чрэ Є√ї ЄхЁЁшЄюЁшщ ш тючЁрцр■Є яЁюЄшт шэшЎшрЄшт яЁхъЁр∙хэш  юуэ .", "rating": 4}}, {"model": "news.post", "pk": 5, "fields": {"author": 5, "category_type": "AN", "date_of_creation": "2023-06-30T09:21:39.609Z", "post_category": 1, "article_title": "Marketguru44", "text": "▌Єю яЁшыюцхэшх с√ыю ёючфрэю, ўЄюс√ яюьюў№ рэрышчшЁютрЄ№ ьрЁъхЄяыхщё√, ш эрщЄш эршсюыхх т√уюфэ√х эш°ш фы  ЁрчтшЄш  сшчэхёр. ╬эю яЁхфюёЄрты хЄ тючьюцэюёЄ№ шчєўшЄ№ ръЄєры№э√х ЄЁхэф√, ёяырэшЁютрЄ№ яюёЄртъш, яЁюфтшурЄ№ ЄютрЁ√ ш Ёрё°шЁ Є№ ётю■ фх Єхы№эюёЄ№ эр Ozon ш Wildberries. ┬√ ьюцхЄх шёяюы№чютрЄ№ хую ўхЁхч єфюсэ√щ тхс-шэЄхЁЇхщё, ёяхЎшры№э√х яырушэ√ фы  сЁрєчхЁют шыш Telegram-сюЄ.\r\n\r\nMarketGuru шфхры№эю яюфющфхЄ фы  ЁрсюЄ√ ё Wildberries. ╤хЁтшё шьххЄ юяЄшьшчшЁютрээ√щ Ёрчфхы л╘шэрэёютр  рэрышЄшър╗, ъюЄюЁ√щ ьюцхЄ яюьюў№ т сшчэхёх. ╟фхё№ т√ ьюцхЄх єчэрЄ№ ўшёЄє■ яЁшс√ы№, яюыєўхээє■ юЄ яЁюфрц эр ьрЁъхЄяыхщёх, шыш єчэрЄ№ юс∙є■ ёєььє чрЄЁрЄ эр фрээющ яыю∙рфъх Ц ыюушёЄшър, їЁрэхэшх, ъюьшёёш  ш фЁєушх Ёрёїюф√. ╥ръцх т ёхЁтшёх MarketGuru яЁхфюёЄрты хЄё  шэЇюЁьрЎш  юс єяє∙хээющ яЁшс√ыш/т√Ёєўъх, ъюЄюЁ√х ьюуєЄ тючэшъэєЄ№, хёыш ЄютрЁ юЄёєЄёЄтютры юяЁхфхыхээюх тЁхь . ┬рцэю ёыхфшЄ№ чр ¤Єшьш ярЁрьхЄЁрьш, ъюэЄЁюышЁютрЄ№ ш яЁхфяЁшэшьрЄ№ ьхЁ√, ўЄюс√ эх яюЄхЁ Є№ фюїюф. ╤ яюью∙№■ ёхЁтшёр MarketGuru т√ ёьюцхЄх юяЁхфхышЄ№, ъръшх ЄютрЁ√ эєцфр■Єё  т ёЁюўэющ яюёЄртъх.", "rating": 0}}, {"model": "news.post", "pk": 8, "fields": {"author": 3, "category_type": "AR", "date_of_creation": "2023-07-03T13:42:50.265Z", "post_category": 1, "article_title": "╚эЄхЁЇръё", "text": "╥єЁЎш  т ыхЄэхь ёхчюэх 2023 уюфр яюЄхЁ ыр 35-40% Ёюёёшщёъшї ЄєЁшёЄют яю ёЁртэхэш■ ё фюъютшфэ√ь 2019 уюфюь, юёэютэр  яЁшўшэр - єїюф ё эряЁртыхэш  с■фцхЄэ√ї ЄєЁшёЄют шч-чр ЁюёЄр Ўхэ, ёююс∙рхЄ т яюэхфхы№эшъ └ёёюЎшрЎш  ЄєЁюяхЁрЄюЁют ╨юёёшш (└╥╬╨).\r\n╚эЄхЁЇръё\r\n╦хЄюь 2023 уюфр ёЁхфэшщ ўхъ эр ╥єЁЎш■ т√Ёюё яЁръЄшўхёъш тфтюх ш ёюёЄрты хЄ ёхщўрё яюЁ фър 100-115 Є√ё. Ёєсыхщ эр ўхыютхър.\r\n╚эЄхЁЇръё\r\n┬ ўрёЄэюёЄш, т√Ёюё ёяЁюё эр фюЁюушх юЄхыш, шэфштшфєры№э√х ЄЁрэёЇхЁ√ ш єёыєуш Fast Track т р¤ЁюяюЁЄє, ЄєЁшёЄ√ ўр∙х яюъєяр■Є Ёрё°шЁхээ√х ёЄЁрїют√х яюышё√ ш яшЄрэшх эр сюЁЄє.\r\n╚эЄхЁЇръё\r\n╥єЁяюЄюъ шч ╨юёёшш ёюёЄртшы 7 ьыэ ўхыютхъ.\r\n╚эЄхЁЇръё - ╨юёёш ", "rating": 1}}, {"model": "news.post", "pk": 9, "fields": {"author": 6, "category_type": "NW", "date_of_creation": "2023-07-03T13:44:08.809Z", "post_category": 1, "article_title": "л╨юёёшщёър  урчхЄр╗", "text": "╤ эрёЄєяыхэшхь юёхэш ёЄюшьюёЄ№ эют√ї ртЄюьюсшыхщ т ╨юёёшш чрьхЄэю т√ЁрёЄхЄ, ўЄю ёт чрэю ё фшэрьшъющ ъєЁёр Ёєсы .\r\nLenta.ru\r\n┬ ьшэєт°є■ я ЄэшЎє эр ╠юёъютёъющ сшЁцх ъєЁё хтЁю фюёЄшу 97,1 Ёєсы  тяхЁт√х ё ьрЁЄр 2022 уюфр, фюыырЁ яЁхт√ёшы 89 Ёєсыхщ.\r\n╨юёёшщёър  урчхЄр\r\n╬фэш Ч эрўэєЄ чръы■ўрЄ№ фюуютюЁ√ ё ъшЄрщёъшьш сЁхэфрьш, ъюЄюЁ√х Ёрэ№°х эх с√ыш яЁхфёЄртыхэ√ эр ртЄюЁ√эъх ╨юёёшш, фЁєушх Ч чрьхэ Є ярЁрыыхы№э√щ шьяюЁЄ т√ъєяюь ьр°шэ ё яЁюсхуюь ё тэєЄЁхээхую Ё√эър, юЄьхЄшы ¤ъёяхЁЄ.\r\n╥рЁрэЄрё ═№■ё\r\n╨єъютюфшЄхы№ фшыхЁёъюую эряЁртыхэш  ртЄюьюсшы№эюую ьрЁъхЄяыхщёр Fresh ┼тухэшщ ╞шЄэєїшэ фюсрты хЄ, ўЄю яюфюЁюцр■Є ш ьр°шэ√, ъюЄюЁ√х яЁюшчтюф Є т ╨╘.", "rating": 3}}, {"model": "news.post", "pk": 10, "fields": {"author": 4, "category_type": "EV", "date_of_creation": "2023-07-03T13:45:07.569Z", "post_category": 1, "article_title": "THR", "text": "═ют√щ \"╚эфшрэр ─цюэё\" яЁютрышыё  т ╩шЄрх ё тёхую $2,3 ьыэ, ёюсЁрээ√ьш т яхЁт√х ЄЁш фэ  яЁюърЄр, ўЄю ьхэ№°х, ўхь ёрь√х ёъЁюьэ√х юцшфрэш  ¤ъёяхЁЄют.\r\n├рчхЄр.Ru\r\n╫Єю ърёрхЄё  ёсюЁют, фы  ёЁртэхэш : ўхЄтхЁЄ√щ Їшы№ь ЇЁрэ°шч√, л╚эфшрэр ─цюэё ш ╩юЁюыхтёЄтю їЁєёЄры№эюую ўхЁхяр╗, т 2008 уюфє ёЄрЁЄютры т ьшЁютюь яЁюърЄх ё ЎшЇЁющ $272 ьыэ яЁш юс∙хь с■фцхЄх $185 ьыэ, яш°хЄ Deadline.\r\n╨┴╩\r\n┬ ╤хтхЁэющ └ьхЁшъх \"╚эфшрэр ─цюэё\" Єръцх ёЄрЁЄютры эх сыхёЄ ∙х - т $60 ьыэ т яхЁт√щ єшъхэф яЁюърЄр.\r\n├рчхЄр.Ru\r\n╧ю шЄюурь я Єш эхфхы№ т яЁюърЄх ьєы№ЄЇшы№ь ёюсЁры $600 ьыэ.", "rating": 0}}, {"model": "news.post", "pk": 11, "fields": {"author": 1, "category_type": "NW", "date_of_creation": "2023-07-03T13:46:02.547Z", "post_category": 1, "article_title": "╨юёёшщёър  урчхЄр", "text": "╧хЁт√х я Є№ ёхЁшщ т ёЁхфэхь яюыєўшыш х∙х сюыхх їєф°шх юЎхэъш, ўхь яхЁт√х фтр ёхчюэр - эр IMDb ёЁхфэшщ срыы тёхую 6,3 шч 10.\r\n╨юёёшщёър  урчхЄр\r\n─ы  ёЁртэхэш  - яхЁт√щ ёхчюэ чЁшЄхыш юЎхэшыш эр 8,3 срыыр, тЄюЁющ - эр 8 срыыют.\r\n╨юёёшщёър  урчхЄр\r\n═р ёрщЄх Rotten Tomatoes є ЄЁхЄ№хую ёхчюэр л┬хф№ьрър╗ тёхую 49% ётхцхёЄш юЄ рєфшЄюЁшш, Єюуфр ъръ юЄ ъЁшЄшъют Ч 86%.\r\n╫хьяшюэрЄ\r\n╧Ёхь№хЁр чръы■ўшЄхы№э√ї я Єш ёхЁшщ ёхчюэр ёюёЄюшЄё  27 ш■ы ", "rating": 1}}, {"model": "news.post", "pk": 12, "fields": {"author": 1, "category_type": "AR", "date_of_creation": "2023-07-03T13:47:03.089Z", "post_category": 1, "article_title": "\"┬хф№ьръ\"", "text": "═р руЁхурЄюЁх iMDB ёхЁшш яхЁтюую ёхчюэр яюыєўшыш т ёЁхфэхь 8 срыыют шыш юЎхэъє, сышчъє■ ъ ¤Єющ. └эрыюушўэр  ёшЄєрЎш  ёю тЄюЁ√ь ёхчюэюь. ╙ яхЁт√ї я Єш ёхЁшщ эютюую ёхчюэр ёЁхфэшщ срыы эх фюёЄшурхЄ 8. ╧юёыхфэшщ эр фрээ√щ ьюьхэЄ ¤яшчюф яюыєўшы ўєЄ№ сюы№°х 6 срыыют, р їєцх тёхую чр тё■ шёЄюЁш■ яЁюхъЄр юЎхэшыш ўхЄтхЁЄє■ ёхЁш■: хщ яюёЄртшыш 5,9 срыыр.\r\n\r\n═р ёрщЄх Rotten Tomatoes ЄЁхЄшщ ёхчюэ \"┬хф№ьрър\" яюыєўшы эшчъє■ юЎхэъє ётхцхёЄш Ч 49%, їюЄ  ъЁшЄшъш фрыш ёхЁшрыє 86%. ╬с ¤Єюь ёююс∙рхЄ \"╨рьсыхЁ\". ─рыхх: https://kino.rambler.ru/series/51020337/?utm_content=kino_media&utm_medium=read_more&utm_source=copylink", "rating": 1}}, {"model": "news.post", "pk": 13, "fields": {"author": 2, "category_type": "EV", "date_of_creation": "2023-07-03T13:48:18.538Z", "post_category": 1, "article_title": "╟рсрёЄютър ёЎхэрЁшёЄют ╤╪└", "text": "╟рсрёЄютър ёЎхэрЁшёЄют ╤╪└ яЁюфюыцрхЄ эхурЄштэю тыш Є№ эр т√їюф яюяєы Ёэ√ї ёхЁшрыют. ┬ эрўрых ш■ы  ёючфрЄхыш л┴хыюую ыюЄюёр╗ юёЄрэютшыш яЁюшчтюфёЄтю °ює эр эхюяЁхфхы╕ээюх тЁхь . ╬с ¤Єюь ёююс∙рхЄ \"╨рьсыхЁ\"\r\n\r\n╬с ¤Єюь Ёрёёърчры ръЄ╕Ё ╥юь ╒юыырэфхЁ. ╧ю хую ёыютрь, є ртЄюЁют єцх хёЄ№ эр Ёєърї уюЄют√щ ёЎхэрЁшщ, юфэръю юэш тё╕ Ёртэю эх ьюуєЄ яЁшёЄєяшЄ№ ъ ё·╕ьърь, яюЄюьє ўЄю т ёыєўрх ўхую яЁюф■ёхЁ√ эх ёьюуєЄ тэюёшЄ№ шчьхэхэш  т ёЎхэрЁшщ. ╧Ёш ¤Єюь рЁЄшёЄ яюфЄтхЁфшы, ўЄю ёюс√Єш  ЄЁхЄ№хую ёхчюэр ЁрчтхЁэєЄё  т ╥ршырэфх.\r\n\r\nл┴хы√щ ыюЄюё╗ Ч ёхЁшры-рэЄюыюуш , яЁхь№хЁр ъюЄюЁюую ёюёЄю ырё№ т 2021 уюфє. ╧хЁт√щ ёхчюэ с√ы яюёт ∙╕э цшчэш яхЁёюэрыр ш уюёЄхщ юЄхы  л┴хы√щ ыюЄюё╗ эр ├ртрщ ї, яЁюфюыцхэшх цх Ёрёёърч√трыю шёЄюЁш■ фЁєующ уЁєяя√ юЄф√їр■∙шї т юЄхых л┴хы√щ ыюЄюё╗ эр ╤шЎшышш т ╚Єрышш. ╬с ¤Єюь ёююс∙рхЄ \"╨рьсыхЁ\". ─рыхх: https://kino.rambler.ru/series/51029059/?utm_content=kino_media&utm_medium=read_more&utm_source=copylink", "rating": 0}}, {"model": "news.post", "pk": 17, "fields": {"author": 6, "category_type": "AR", "date_of_creation": "2023-07-05T09:33:03.362Z", "post_category": 1, "article_title": "BFMTV: ╠ръЁюэ фюяєёЄшы юЄъы■ўхэшх ёюЎёхЄхщ тю ╘ЁрэЎшш т ёыєўрх єёєуєсыхэш  ъЁшчшёют", "text": "╧ЁхчшфхэЄ ╘ЁрэЎшш ▌ььрэє¤ы№ ╠ръЁюэ т ЁрчуютюЁх ё ь¤Ёрьш уюЁюфют, яюёЄЁрфрт°шї юЄ схёяюЁ фъют, фюяєёЄшы юЄъы■ўхэшх ёюЎёхЄхщ т ёыєўрх єёєуєсыхэш  ъЁшчшёр. ┼ую ёыютр яЁштюфшЄ Єхыхърэры BFMTV.\r\n\r\nл═рь эєцэю юсфєьрЄ№ тюяЁюё ёюЎшры№э√ї ёхЄхщ ш яЁшьхэшь√ї чряЁхЄют. ╚, тючьюцэю, ъюуфр ёшЄєрЎш  єїєф°рхЄё , эхюсїюфшью шьхЄ№ тючьюцэюёЄ№ шї ЁхуєышЁютрЄ№ ш юЄъы■ўрЄ№╗, Ч чр тшы ЇЁрэЎєчёъшщ ышфхЁ.\r\n\r\n╥ръцх ╠ръЁюэ яюфўхЁъэєы, ўЄю юсёєцфхэшх ¤Єюую тюяЁюёр лэх фюыцэю яЁютюфшЄ№ё  ёуюЁ ўр╗.\r\n\r\n┴хёяюЁ фъш тю ╘ЁрэЎшш эрўрышё№ яюёых Єюую, ъръ 27 ш■э  яюышЎхщёъшщ т√ёЄЁхышы т 17-ыхЄэхую яюфЁюёЄър, юЄърчрт°хуюё  юёЄрэютшЄ№ ртЄюьюсшы№ яю хую ЄЁхсютрэш■. ┬ эрёЄю ∙хх тЁхь  яюышЎхщёъшщ эрїюфшЄё  яюф ёЄЁрцхщ.\r\n\r\n╧ЁюЄхёЄє■∙шх яюфюцуыш ь¤Ёш■ ╠юэё-рэ-┴рЁхы№ эр ёхтхЁх ╘ЁрэЎшш. ╧юьшью ¤Єюую, т ╦шюэх эхшчтхёЄэ√щ ЁрёёЄЁхы ы уЁєяяє шч 27 яюышЎхщёъшї.", "rating": 0}}, {"model": "news.post", "pk": 18, "fields": {"author": 1, "category_type": "AR", "date_of_creation": "2023-07-05T09:34:12.896Z", "post_category": 1, "article_title": "BFMTV: ╠ръЁюэ фюяєёЄшы юЄъы■ўхэшх ёюЎёхЄхщ тю ╘ЁрэЎшш т ёыєўрх єёєуєсыхэш  ъЁшчшёют", "text": "╧ЁхчшфхэЄ ╘ЁрэЎшш ▌ььрэє¤ы№ ╠ръЁюэ т ЁрчуютюЁх ё ь¤Ёрьш уюЁюфют, яюёЄЁрфрт°шї юЄ схёяюЁ фъют, фюяєёЄшы юЄъы■ўхэшх ёюЎёхЄхщ т ёыєўрх єёєуєсыхэш  ъЁшчшёр. ┼ую ёыютр яЁштюфшЄ Єхыхърэры BFMTV.\r\n\r\nл═рь эєцэю юсфєьрЄ№ тюяЁюё ёюЎшры№э√ї ёхЄхщ ш яЁшьхэшь√ї чряЁхЄют. ╚, тючьюцэю, ъюуфр ёшЄєрЎш  єїєф°рхЄё , эхюсїюфшью шьхЄ№ тючьюцэюёЄ№ шї ЁхуєышЁютрЄ№ ш юЄъы■ўрЄ№╗, Ч чр тшы ЇЁрэЎєчёъшщ ышфхЁ.\r\n\r\n╥ръцх ╠ръЁюэ яюфўхЁъэєы, ўЄю юсёєцфхэшх ¤Єюую тюяЁюёр лэх фюыцэю яЁютюфшЄ№ё  ёуюЁ ўр╗.\r\n\r\n┴хёяюЁ фъш тю ╘ЁрэЎшш эрўрышё№ яюёых Єюую, ъръ 27 ш■э  яюышЎхщёъшщ т√ёЄЁхышы т 17-ыхЄэхую яюфЁюёЄър, юЄърчрт°хуюё  юёЄрэютшЄ№ ртЄюьюсшы№ яю хую ЄЁхсютрэш■. ┬ эрёЄю ∙хх тЁхь  яюышЎхщёъшщ эрїюфшЄё  яюф ёЄЁрцхщ.\r\n\r\n╧ЁюЄхёЄє■∙шх яюфюцуыш ь¤Ёш■ ╠юэё-рэ-┴рЁхы№ эр ёхтхЁх ╘ЁрэЎшш. ╧юьшью ¤Єюую, т ╦шюэх эхшчтхёЄэ√щ ЁрёёЄЁхы ы уЁєяяє шч 27 яюышЎхщёъшї.", "rating": 0}}, {"model": "news.post", "pk": 24, "fields": {"author": 4, "category_type": "AR", "date_of_creation": "2023-07-05T09:51:21.999Z", "post_category": 1, "article_title": "ghfhdfghg", "text": "sdgfghdfgjhfghjjgh", "rating": 0}}, {"model": "news.post", "pk": 26, "fields": {"author": 3, "category_type": "AR", "date_of_creation": "2023-07-05T10:53:31.019Z", "post_category": 1, "article_title": "┬ ═шфхЁырэфрї °ъюы№эшърь юуЁрэшўрЄ шёяюы№чютрэшх ьюсшы№эюую ЄхыхЇюэр", "text": "┬ ═шфхЁырэфрї °ъюы№эшърь ё 1  этрЁ  2024 уюфр юуЁрэшўрЄ шёяюы№чютрэшх ьюсшы№эюую ЄхыхЇюэр, яырэ°хЄр ш ёьрЁЄ-ўрёют эр єЁюърї. ╬с ¤Єюь ёююс∙шыю яЁртшЄхы№ёЄтю ёЄЁрэ√.\r\n\r\n╨х°хэшх яЁшэ Єю яю яЁшўшэх Єюую, ўЄю урфцхЄ√ юЄтыхър■Є фхЄхщ ш тыш ■Є эр єёяхтрхьюёЄ№, ёэшцр  хх, юс· ёэшыш т тхфюьёЄтх.\r\n\r\nл═хёьюЄЁ  эр Єю ўЄю ьюсшы№э√х ЄхыхЇюэ√ Єхёэю ёт чрэ√ ё эр°хщ цшчэ№■, шь эх ьхёЄю т ъырёёх. ╙ўр∙шхё  фюыцэ√ єьхЄ№ ъюэЎхэЄЁшЁютрЄ№ё , ш шь фюыцэр с√Є№ яЁхфюёЄртыхэр тючьюцэюёЄ№ їюЁю°ю єўшЄ№ё ╗, Ч юЄьхЄшы ьшэшёЄЁ юсЁрчютрэш  ёЄЁрэ√ ╨юссхЁЄ ─хщъуЁррЇ.\r\n\r\n╧юы№чютрЄ№ё  урфцхЄрьш ьюцэю сєфхЄ, хёыш юэш эхюсїюфшь√ т їюфх єЁюъют яю ЎшЇЁют√ь эрт√ърь, яю ьхфшЎшэёъшь яюърчрэш ь шыш хёыш шьш сєфєЄ яюы№чютрЄ№ё  ы■фш ё ╬┬╟.\r\n\r\n╨рэхх ёЄрыю шчтхёЄэю, ўЄю т яЁютшэЎшш ├єщўцює, ╩шЄрщ, єўшЄхы№ чрёЄртшы °ъюы№эшъют єЄюяшЄ№ ётюш ёьрЁЄЇюэ√ т эрърчрэшх чр Єю, ўЄю юэш яЁшэхёыш шї т єўхсэюх чртхфхэшх.", "rating": 0}}, {"model": "news.post", "pk": 27, "fields": {"author": 5, "category_type": "AR", "date_of_creation": "2023-07-05T10:55:33.809Z", "post_category": 1, "article_title": "┬ ═шфхЁырэфрї °ъюы№эшърь юуЁрэшўрЄ шёяюы№чютрэшх ьюсшы№эюую ЄхыхЇюэр", "text": "┬ ═шфхЁырэфрї °ъюы№эшърь ё 1  этрЁ  2024 уюфр юуЁрэшўрЄ шёяюы№чютрэшх ьюсшы№эюую ЄхыхЇюэр, яырэ°хЄр ш ёьрЁЄ-ўрёют эр єЁюърї. ╬с ¤Єюь ёююс∙шыю яЁртшЄхы№ёЄтю ёЄЁрэ√.\r\n\r\n╨х°хэшх яЁшэ Єю яю яЁшўшэх Єюую, ўЄю урфцхЄ√ юЄтыхър■Є фхЄхщ ш тыш ■Є эр єёяхтрхьюёЄ№, ёэшцр  хх, юс· ёэшыш т тхфюьёЄтх.\r\n\r\nл═хёьюЄЁ  эр Єю ўЄю ьюсшы№э√х ЄхыхЇюэ√ Єхёэю ёт чрэ√ ё эр°хщ цшчэ№■, шь эх ьхёЄю т ъырёёх. ╙ўр∙шхё  фюыцэ√ єьхЄ№ ъюэЎхэЄЁшЁютрЄ№ё , ш шь фюыцэр с√Є№ яЁхфюёЄртыхэр тючьюцэюёЄ№ їюЁю°ю єўшЄ№ё ╗, Ч юЄьхЄшы ьшэшёЄЁ юсЁрчютрэш  ёЄЁрэ√ ╨юссхЁЄ ─хщъуЁррЇ.\r\n\r\n╧юы№чютрЄ№ё  урфцхЄрьш ьюцэю сєфхЄ, хёыш юэш эхюсїюфшь√ т їюфх єЁюъют яю ЎшЇЁют√ь эрт√ърь, яю ьхфшЎшэёъшь яюърчрэш ь шыш хёыш шьш сєфєЄ яюы№чютрЄ№ё  ы■фш ё ╬┬╟.\r\n\r\n╨рэхх ёЄрыю шчтхёЄэю, ўЄю т яЁютшэЎшш ├єщўцює, ╩шЄрщ, єўшЄхы№ чрёЄртшы °ъюы№эшъют єЄюяшЄ№ ётюш ёьрЁЄЇюэ√ т эрърчрэшх чр Єю, ўЄю юэш яЁшэхёыш шї т єўхсэюх чртхфхэшх.", "rating": 0}}, {"model": "news.post", "pk": 28, "fields": {"author": 3, "category_type": "AR", "date_of_creation": "2023-07-05T10:58:58.720Z", "post_category": 1, "article_title": "┬ ═шфхЁырэфрї °ъюы№эшърь юуЁрэшўрЄ шёяюы№чютрэшх ьюсшы№эюую ЄхыхЇюэр", "text": "┬ ═шфхЁырэфрї °ъюы№эшърь ё 1  этрЁ  2024 уюфр юуЁрэшўрЄ шёяюы№чютрэшх ьюсшы№эюую ЄхыхЇюэр, яырэ°хЄр ш ёьрЁЄ-ўрёют эр єЁюърї. ╬с ¤Єюь ёююс∙шыю яЁртшЄхы№ёЄтю ёЄЁрэ√.\r\n\r\n╨х°хэшх яЁшэ Єю яю яЁшўшэх Єюую, ўЄю урфцхЄ√ юЄтыхър■Є фхЄхщ ш тыш ■Є эр єёяхтрхьюёЄ№, ёэшцр  хх, юс· ёэшыш т тхфюьёЄтх.\r\n\r\nл═хёьюЄЁ  эр Єю ўЄю ьюсшы№э√х ЄхыхЇюэ√ Єхёэю ёт чрэ√ ё эр°хщ цшчэ№■, шь эх ьхёЄю т ъырёёх. ╙ўр∙шхё  фюыцэ√ єьхЄ№ ъюэЎхэЄЁшЁютрЄ№ё , ш шь фюыцэр с√Є№ яЁхфюёЄртыхэр тючьюцэюёЄ№ їюЁю°ю єўшЄ№ё ╗, Ч юЄьхЄшы ьшэшёЄЁ юсЁрчютрэш  ёЄЁрэ√ ╨юссхЁЄ ─хщъуЁррЇ.\r\n\r\n╧юы№чютрЄ№ё  урфцхЄрьш ьюцэю сєфхЄ, хёыш юэш эхюсїюфшь√ т їюфх єЁюъют яю ЎшЇЁют√ь эрт√ърь, яю ьхфшЎшэёъшь яюърчрэш ь шыш хёыш шьш сєфєЄ яюы№чютрЄ№ё  ы■фш ё ╬┬╟.\r\n\r\n╨рэхх ёЄрыю шчтхёЄэю, ўЄю т яЁютшэЎшш ├єщўцює, ╩шЄрщ, єўшЄхы№ чрёЄртшы °ъюы№эшъют єЄюяшЄ№ ётюш ёьрЁЄЇюэ√ т эрърчрэшх чр Єю, ўЄю юэш яЁшэхёыш шї т єўхсэюх чртхфхэшх.", "rating": 0}}, {"model": "news.post", "pk": 29, "fields": {"author": 3, "category_type": "AR", "date_of_creation": "2023-07-05T10:59:01.646Z", "post_category": 1, "article_title": "┬ ═шфхЁырэфрї °ъюы№эшърь юуЁрэшўрЄ шёяюы№чютрэшх ьюсшы№эюую ЄхыхЇюэр", "text": "┬ ═шфхЁырэфрї °ъюы№эшърь ё 1  этрЁ  2024 уюфр юуЁрэшўрЄ шёяюы№чютрэшх ьюсшы№эюую ЄхыхЇюэр, яырэ°хЄр ш ёьрЁЄ-ўрёют эр єЁюърї. ╬с ¤Єюь ёююс∙шыю яЁртшЄхы№ёЄтю ёЄЁрэ√.\r\n\r\n╨х°хэшх яЁшэ Єю яю яЁшўшэх Єюую, ўЄю урфцхЄ√ юЄтыхър■Є фхЄхщ ш тыш ■Є эр єёяхтрхьюёЄ№, ёэшцр  хх, юс· ёэшыш т тхфюьёЄтх.\r\n\r\nл═хёьюЄЁ  эр Єю ўЄю ьюсшы№э√х ЄхыхЇюэ√ Єхёэю ёт чрэ√ ё эр°хщ цшчэ№■, шь эх ьхёЄю т ъырёёх. ╙ўр∙шхё  фюыцэ√ єьхЄ№ ъюэЎхэЄЁшЁютрЄ№ё , ш шь фюыцэр с√Є№ яЁхфюёЄртыхэр тючьюцэюёЄ№ їюЁю°ю єўшЄ№ё ╗, Ч юЄьхЄшы ьшэшёЄЁ юсЁрчютрэш  ёЄЁрэ√ ╨юссхЁЄ ─хщъуЁррЇ.\r\n\r\n╧юы№чютрЄ№ё  урфцхЄрьш ьюцэю сєфхЄ, хёыш юэш эхюсїюфшь√ т їюфх єЁюъют яю ЎшЇЁют√ь эрт√ърь, яю ьхфшЎшэёъшь яюърчрэш ь шыш хёыш шьш сєфєЄ яюы№чютрЄ№ё  ы■фш ё ╬┬╟.\r\n\r\n╨рэхх ёЄрыю шчтхёЄэю, ўЄю т яЁютшэЎшш ├єщўцює, ╩шЄрщ, єўшЄхы№ чрёЄртшы °ъюы№эшъют єЄюяшЄ№ ётюш ёьрЁЄЇюэ√ т эрърчрэшх чр Єю, ўЄю юэш яЁшэхёыш шї т єўхсэюх чртхфхэшх.", "rating": 0}}, {"model": "news.post", "pk": 30, "fields": {"author": 5, "category_type": "AR", "date_of_creation": "2023-07-05T10:59:22.666Z", "post_category": 1, "article_title": "┬ ═шфхЁырэфрї °ъюы№эшърь юуЁрэшўрЄ шёяюы№чютрэшх ьюсшы№эюую ЄхыхЇюэр", "text": "ertger", "rating": 0}}, {"model": "news.post", "pk": 31, "fields": {"author": 3, "category_type": "News", "date_of_creation": "2023-07-05T11:47:09.230Z", "post_category": 1, "article_title": "╤Єрыш шчтхёЄэ√ яюфЁюсэюёЄш яхЁхчряєёър ёхЁшрыр л╤ўрёЄышт√ тьхёЄх╗", "text": "╤Єрыш шчтхёЄэ√ яюфЁюсэюёЄш яхЁхчряєёър ёхЁшрыр л╤ўрёЄышт√ тьхёЄх╗", "rating": 0}}, {"model": "news.post", "pk": 32, "fields": {"author": 3, "category_type": "News", "date_of_creation": "2023-07-05T11:48:52.647Z", "post_category": 1, "article_title": "╤Єрыш шчтхёЄэ√ яюфЁюсэюёЄш яхЁхчряєёър ёхЁшрыр л╤ўрёЄышт√ тьхёЄх╗", "text": "╤Єрыш шчтхёЄэ√ яюфЁюсэюёЄш яхЁхчряєёър ёхЁшрыр л╤ўрёЄышт√ тьхёЄх╗\r\n╧ю ёыютрь ╦юушэютр Ч шёяюыэшЄхы  Ёюыш ├хэ√ ┴єъшэр, чЁшЄхы№ ёъюЁю єчэрхЄ, ўхь хую ухЁющ ьюу с√ чрэшьрЄ№ё  т 2023-ь. └ЁЄшёЄ юЄьхЄшы, ўЄю эр яЁюЄ цхэшш яюёыхфэшї 10 ыхЄ фєьры, ўЄю єтшфхЄ№ ┴єъшэ√ї эр ¤ъЁрэрї эхтючьюцэю.", "rating": 0}}, {"model": "news.post", "pk": 33, "fields": {"author": 4, "category_type": "NEWS", "date_of_creation": "2023-07-05T12:20:52.521Z", "post_category": 1, "article_title": "BFMTV: ╠ръЁюэ фюяєёЄшы юЄъы■ўхэшх ёюЎёхЄхщ тю ╘ЁрэЎшш т ёыєўрх єёєуєсыхэш  ъЁшчшёют", "text": "╠хэ  юўхэ№ ўрёЄю ёяЁр°штрыш, ўхь с√ ьюу чрэшьрЄ№ё  ├хэр ┴єъшэ т 2023 уюфє, ъръшь с√ юэ с√ы. ╚ ёъюЁю ь√ тёх єчэрхь юЄтхЄ эр ¤ЄюЄ тюяЁюё! ╤ърцє ўхёЄэю: эр яЁюЄ цхэшш яюёыхфэшї 10 ыхЄ ьэх ърчрыюё№, ўЄю єтшфхЄ№ ┴єъшэ√ї эр ¤ъЁрэрї эхтючьюцэю. ╧ю Ёрчэ√ь яЁшўшэрь: юЄ чрэ ЄюёЄш ръЄхЁют фю ёыюцэюёЄхщ ё яхЁхэюёюь эр°шї ухЁюхт т Єхъє∙є■ Ёхры№эюёЄ№. ═ю   Ёрф, ўЄю Єрър  тючьюцэюёЄ№ яю тшырё№, Ч фюсртшы ╦юушэют.", "rating": 0}}, {"model": "news.post", "pk": 34, "fields": {"author": 2, "category_type": "NW", "date_of_creation": "2023-07-05T12:22:30.036Z", "post_category": 1, "article_title": "BFMTV: ╠ръЁюэ фюяєёЄшы юЄъы■ўхэшх ёюЎёхЄхщ тю ╘ЁрэЎшш т ёыєўрх єёєуєсыхэш  ъЁшчшёют", "text": "╠хэ  юўхэ№ ўрёЄю ёяЁр°штрыш, ўхь с√ ьюу чрэшьрЄ№ё  ├хэр ┴єъшэ т 2023 уюфє, ъръшь с√ юэ с√ы. ╚ ёъюЁю ь√ тёх єчэрхь юЄтхЄ эр ¤ЄюЄ тюяЁюё! ╤ърцє ўхёЄэю: эр яЁюЄ цхэшш яюёыхфэшї 10 ыхЄ ьэх ърчрыюё№, ўЄю єтшфхЄ№ ┴єъшэ√ї эр ¤ъЁрэрї эхтючьюцэю. ╧ю Ёрчэ√ь яЁшўшэрь: юЄ чрэ ЄюёЄш ръЄхЁют фю ёыюцэюёЄхщ ё яхЁхэюёюь эр°шї ухЁюхт т Єхъє∙є■ Ёхры№эюёЄ№. ═ю   Ёрф, ўЄю Єрър  тючьюцэюёЄ№ яю тшырё№, Ч фюсртшы ╦юушэют.", "rating": 0}}, {"model": "news.post", "pk": 42, "fields": {"author": 2, "category_type": "NW", "date_of_creation": "2023-07-20T11:45:02.745Z", "post_category": 7, "article_title": "╩ръ ЁрсюЄр■Є ёхЁтшё√ рэрышЄшъш ш ъръ шї т√сЁрЄ№", "text": "┼ёыш ьръёшьры№эю єяЁюёЄшЄ№, Єю рэрышЄшър эр ╠╧ тъы■ўрхЄ:\r\n\r\n└эрышч фЁєушї\r\n└эрышч ёхс \r\n└эрышч фЁєушї яюьюурхЄ т√ ёэшЄ№, ё ъръшь ЄютрЁюь т√уюфэхх т√щЄш эр Ё√эюъ, уфх ьхэ№°х ъюэъєЁхэЎшш, т ъръющ ърЄхуюЁшш ыєў°шх яЁюфрцш, ўЄю шьххЄ ёяЁюё є яюъєярЄхыхщ, хёЄ№ ыш ёхчюээюёЄ№ яЁюфрц, яю ъръющ Ўхэх яЁюфр■Є ъюэъєЁхэЄ√ ш ёъюы№ъю є эшї юёЄрЄъют\r\n\r\n╧ЁръЄшўхёъш тё  шэЇюЁьрЎш  хёЄ№ т юЄъЁ√Єюь фюёЄєях Ц ўЄю-Єю т ёрьшї ърЁЄюўърї ЄютрЁр, р ўЄю-Єю ьхцфє ёЄЁюъ ъюфр ёЄЁрэшЎ ёрщЄр. ╨юсюЄ√ ёюсшЁр■Є хх чр ёхъєэф√, юсЁрсрЄ√тр■Є ш т√фр■Є т єфюсэюь тшфх.\r\n\r\n└эрышч ёхс  яючтюы хЄ єчэрЄ№, эр ъръшї ЄютрЁрї шфхЄ фюїюф, р эр ъръшї Ц эхЄ, ёъюы№ъю ЄютрЁют эєцэю чрърч√трЄ№ эр ёъырф, ъръє■ Ўхэє т√ёЄрты Є№ фы  яюъЁ√Єш  тёхї Ёрёїюфют ш яюыєўхэш  яЁшс√ыш, ъръ ьхэ хЄё  ёяЁюё эр ЄютрЁ√ ш яЁ. ╤хЁтшё рэрышЄшъш яюфъы■ўрхЄё  яю API ъ ърсшэхЄє яЁюфртЎр, ёюсшЁрхЄ эєцэ√х фрээ√х ш ЇюЁьшЁєхЄ юЄўхЄ√.\r\n\r\n╧Ёш т√сюЁх ёхЁтшёр рэрышЄшъш ьрЁъхЄяыхщёют ёьюЄЁшЄх эр:\r\n\r\n╧юффхЁцштрхь√х яырЄЇюЁь√. ╩Єю-Єю ЁрсюЄрхЄ Єюы№ъю ё Ozon шыш Wildberries, р ъЄю-Єю ё 4-5 яыю∙рфърьш ёЁрчє. ═х эрфю уэрЄ№ё  чр ъюышўхёЄтюь Ц т√сшЁрщЄх ЄюЄ, є ъюЄюЁюую хёЄ№ эєцэ√х яыю∙рфъш.\r\n╘єэъЎшюэры. ╥єЄ тёх яЁюёЄю Ц ўхь сюы№°х фрээ√ї, Єхь ыєў°х. ┬ Ўхыюь, тёх ёхЁтшё√ яЁхфырур■Є яы■ё-ьшэєё юфэш ш Єх цх тючьюцэюёЄш, эю є эхъюЄюЁ√ї ръЎхэЄ эр тэєЄЁхээ■■ рэрышЄшъє.\r\n├ыєсшэр фрээ√ї. ┬рцэр фы  рэрышчр эш°ш, ёяЁюёр, ъюэъєЁхэЄют ш яЁ. ╤хЁтшё эрўшэрхЄ ёюсшЁрЄ№ шэЇюЁьрЎш■ Єюы№ъю Єюуфр, ъюуфр яюфъы■ўшЄё  ъ ьрЁъхЄяыхщёє. ▌Єю чэрўшЄ, ўЄю чр яЁхф√фє∙шщ яхЁшюф є эхую эхЄ фрээ√ї.\r\n╓хэр. ┼ёыш т√ эютшўюъ, эх эєцэю ЄЁрЄшЄ№ фхё Єъш Є√ё ў эр ёхЁтшё рэрышЄшъш. ╚фхры№эю, хёыш ёхЁтшё ьюцэю шёяюы№чютрЄ№ схёяырЄэю шыш т Ёрьърї яЁюсэюую яхЁшюфр.\r\n╬ёЄры№э√х юЄышўш  Ц шэЄхЁръЄштэюёЄ№ юЄўхЄют, Ёрчэ√х ЇюЁьрЄ√ т√уЁєчъш ш яЁ. Ц эх Єръ трцэ√.", "rating": 0}}, {"model": "news.post", "pk": 43, "fields": {"author": 2, "category_type": "AR", "date_of_creation": "2023-07-20T13:06:54.167Z", "post_category": 1, "article_title": "dsfsdfsd", "text": "sdfasdfasdjuyui;kl'/jkyu iuy iki yt uir tyui rt uye ytru tyu ryut", "rating": 0}}, {"model": "news.post", "pk": 44, "fields": {"author": 2, "category_type": "AR", "date_of_creation": "2023-07-20T13:07:46.304Z", "post_category": 1, "article_title": "hj,mnm,bnm,bnm,", "text": "kkghj/l;Jkkgdhrtyuuiyiooupuityriu", "rating": 0}}, {"model": "news.post", "pk": 45, "fields": {"author": 5, "category_type": "NW", "date_of_creation": "2023-07-20T13:08:56.964Z", "post_category": 1, "article_title": "tyuyjiyui", "text": "yuirtyurtyuiweq34576565 m 6578 768 -=0==07896789", "rating": 0}}, {"model": "news.post", "pk": 46, "fields": {"author": 2, "category_type": "AR", "date_of_creation": "2023-07-20T13:35:50.484Z", "post_category": 1, "article_title": "78i9789jklhjklghj", "text": "kghjkjhgkg ferqw qwe4r45 fbg dfgh fghj 56y rte h wretg we", "rating": 0}}, {"model": "news.post", "pk": 47, "fields": {"author": 5, "category_type": "AR", "date_of_creation": "2023-07-20T13:40:29.549Z", "post_category": 1, "article_title": "┬ ьшЁютющ яЁюърЄ т√їюфшЄ л╬яяхэухщьхЁ╗ ╩ЁшёЄюЇхЁр ═юырэр юс юЄЎх  фхЁэющ сюьс√", "text": "┬ ьшЁютющ яЁюърЄ юфэютЁхьхээю ё х∙х юфэшь, яЁшэЎшяшры№эю шэ√ь яю шэЄюэрЎшш сыюъсрёЄхЁюь л┴рЁсш╗ т√їюфшЄ л╬яяхэухщьхЁ╗ Ч эют√щ ¤яюё ╩ЁшёЄюЇхЁр ═юырэр, яюёт ∙хээ√щ ёєф№сх Єръ эрч√трхьюую юЄЎр  фхЁэющ сюьс√.\r\nLenta.ru\r\n╘шы№ь яюърцхЄ ъы■ўхт√х ьюьхэЄ√ ёючфрэш   фхЁэющ сюьс√, тъы■ўр  шёя√Єрэш , яЁютхфхээ√х т яєёЄ√эх ═№■-╠хъёшъю ыхЄюь 1945 уюфр.\r\nSmolnarod.ru\r\n╤ЎхэрЁшщ Їшы№ьр юёэютрэ эр Ёюьрэх л└ьхЁшърэёъшщ ╧ЁюьхЄхщ╗, ъюЄюЁ√щ с√ы єфюёЄюхэ ╧єышЄЎхЁютёъющ яЁхьшш.\r\nSmolnarod.ru\r\n╬ЇшЎшры№эюую т√їюфр т Ёюёёшщёъшщ яЁюърЄ эх юцшфрхЄё , Єръ ъръ ъюьярэш  Universal Pictures яЁхъЁрЄшыр ётю■ фх Єхы№эюёЄ№ т ╨╘ т яЁю°ыюь уюфє.\r\nRuNews", "rating": 5}}, {"model": "news.post", "pk": 48, "fields": {"author": 2, "category_type": "EV", "date_of_creation": "2023-07-20T13:40:52.526Z", "post_category": 5, "article_title": "ЎєтрєЎрт√ртр√т", "text": "┬ ьшЁютющ яЁюърЄ юфэютЁхьхээю ё х∙х юфэшь, яЁшэЎшяшры№эю шэ√ь яю шэЄюэрЎшш сыюъсрёЄхЁюь л┴рЁсш╗ т√їюфшЄ л╬яяхэухщьхЁ╗ Ч эют√щ ¤яюё ╩ЁшёЄюЇхЁр ═юырэр, яюёт ∙хээ√щ ёєф№сх Єръ эрч√трхьюую юЄЎр  фхЁэющ сюьс√.\r\nLenta.ru\r\n╘шы№ь яюърцхЄ ъы■ўхт√х ьюьхэЄ√ ёючфрэш   фхЁэющ сюьс√, тъы■ўр  шёя√Єрэш , яЁютхфхээ√х т яєёЄ√эх ═№■-╠хъёшъю ыхЄюь 1945 уюфр.\r\nSmolnarod.ru\r\n╤ЎхэрЁшщ Їшы№ьр юёэютрэ эр Ёюьрэх л└ьхЁшърэёъшщ ╧ЁюьхЄхщ╗, ъюЄюЁ√щ с√ы єфюёЄюхэ ╧єышЄЎхЁютёъющ яЁхьшш.\r\nSmolnarod.ru\r\n╬ЇшЎшры№эюую т√їюфр т Ёюёёшщёъшщ яЁюърЄ эх юцшфрхЄё , Єръ ъръ ъюьярэш  Universal Pictures яЁхъЁрЄшыр ётю■ фх Єхы№эюёЄ№ т ╨╘ т яЁю°ыюь уюфє.\r\nRuNews", "rating": 0}}, {"model": "news.post", "pk": 69, "fields": {"author": 2, "category_type": "AR", "date_of_creation": "2023-07-22T09:06:06.694Z", "post_category": 7, "article_title": "BFMTV: ╠ръЁюэ фюяєёЄшы юЄъы■ўхэшх ёюЎёхЄхщ тю ╘ЁрэЎшш т ёыєўрх єёєуєсыхэш  ъЁшчшёют", "text": "hlkjhjghfghjhjfghj  ghjj hj j gd jhggj hjd tuje ytyu  56u56 5 6tyuj er", "rating": 0}}, {"model": "news.post", "pk": 70, "fields": {"author": 3, "category_type": "NW", "date_of_creation": "2023-07-27T15:17:32.491Z", "post_category": 1, "article_title": "BFMTV: ╠ръЁюэ фюяєёЄшы юЄъы■ўхэшх ёюЎёхЄхщ тю ╘ЁрэЎшш т ёыєўрх єёєуєсыхэш  ъЁшчшёют", "text": "rtgyhdfghfgbdfgghfghdfghfdghdfgh", "rating": 0}}, {"model": "news.post", "pk": 71, "fields": {"author": 1, "category_type": "NW", "date_of_creation": "2023-07-27T15:22:21.581Z", "post_category": 7, "article_title": "uuikytuiktyuikiiuoyuiotyu", "text": "yuiityuityuiyutj yuth dfgh dfgh fgdh dfg hfgdhdfg", "rating": 0}}, {"model": "news.post", "pk": 72, "fields": {"author": 2, "category_type": "NW", "date_of_creation": "2023-07-27T15:23:14.789Z", "post_category": 7, "article_title": "═єфышэу", "text": "hjdgffgdhdfgjfghjfghjfghjfghjfghjfghjdfjheyj rty ty tyr j", "rating": 0}}, {"model": "news.post", "pk": 73, "fields": {"author": 2, "category_type": "NW", "date_of_creation": "2023-07-27T15:27:27.147Z", "post_category": 2, "article_title": "═єфышэу", "text": "hjdgffgdhdfgjfghjfghjfghjfghjfghjfghjdfjheyj rty ty tyr j", "rating": 0}}, {"model": "news.post", "pk": 74, "fields": {"author": 6, "category_type": "NW", "date_of_creation": "2023-07-27T15:52:54.453Z", "post_category": 2, "article_title": "╓рЁ№уЁрф", "text": "yyyy y yyyyyyyyyyyyyyyyyyyyyyyyyyyyyyyyyyyyyyyyyyyyyyyyyyyyyyyyyyyyyyyyyyyyyyyyyyyyyyy", "rating": 0}}, {"model": "news.post", "pk": 75, "fields": {"author": 6, "category_type": "NW", "date_of_creation": "2023-07-27T15:56:20.275Z", "post_category": 2, "article_title": "╓рЁ№уЁрфyturtyurtyurtyur", "text": "rrrrrrrrrrrrrrrrrrrrrrrrrrrrrrrrrrrrrrrrrrrrrrrrrrrrrrrrrrrrrrrrrrrrrrrrrrrrrrrrrrrrrrrrrrrrrrrrrrrrrrrrrrrrr", "rating": 0}}, {"model": "news.post", "pk": 76, "fields": {"author": 5, "category_type": "NW", "date_of_creation": "2023-07-27T16:04:36.622Z", "post_category": 2, "article_title": "╥Ёрья", "text": "gfhdfghdfghdfgh fg66666666666666666666666666666666666666666666666666", "rating": 0}}, {"model": "news.post", "pk": 77, "fields": {"author": 5, "category_type": "NW", "date_of_creation": "2023-07-27T16:06:57.932Z", "post_category": 2, "article_title": "╥Ёрья", "text": "gfhdfghdfghdfgh fg66666666666666666666666666666666666666666666666666", "rating": 0}}, {"model": "news.post", "pk": 78, "fields": {"author": 5, "category_type": "NW", "date_of_creation": "2023-07-27T16:17:14.182Z", "post_category": 2, "article_title": "╓рЁ№уЁрф", "text": "11111111111111111111111111111111111111111111111111111111111111111111111111111111 \r\n11111111111111111111111111111111111111111111111111111", "rating": 0}}, {"model": "news.post", "pk": 79, "fields": {"author": 5, "category_type": "NW", "date_of_creation": "2023-07-27T16:23:59.305Z", "post_category": 2, "article_title": "╓рЁ№уЁрф", "text": "11111111111111111111111111111111111111111111111111111111111111111111111111111111 \r\n11111111111111111111111111111111111111111111111111111", "rating": 0}}, {"model": "news.post", "pk": 80, "fields": {"author": 5, "category_type": "NW", "date_of_creation": "2023-07-27T16:24:57.464Z", "post_category": 2, "article_title": "╓рЁ№уЁрф", "text": "11111111111111111111111111111111111111111111111111111111111111111111111111111111 \r\n11111111111111111111111111111111111111111111111111111", "rating": 0}}, {"model": "news.post", "pk": 81, "fields": {"author": 5, "category_type": "NW", "date_of_creation": "2023-07-27T16:28:55.575Z", "post_category": 2, "article_title": "╓рЁ№уЁрф", "text": "11111111111111111111111111111111111111111111111111111111111111111111111111111111 \r\n11111111111111111111111111111111111111111111111111111", "rating": 0}}, {"model": "news.post", "pk": 82, "fields": {"author": 5, "category_type": "NW", "date_of_creation": "2023-07-27T16:30:49.162Z", "post_category": 2, "article_title": "╓рЁ№уЁрф", "text": "11111111111111111111111111111111111111111111111111111111111111111111111111111111 \r\n11111111111111111111111111111111111111111111111111111", "rating": 0}}, {"model": "news.post", "pk": 83, "fields": {"author": 5, "category_type": "NW", "date_of_creation": "2023-07-27T16:33:48.437Z", "post_category": 2, "article_title": "╓рЁ№уЁрф", "text": "11111111111111111111111111111111111111111111111111111111111111111111111111111111 \r\n11111111111111111111111111111111111111111111111111111", "rating": 0}}, {"model": "news.post", "pk": 84, "fields": {"author": 5, "category_type": "NW", "date_of_creation": "2023-07-27T16:34:48.612Z", "post_category": 2, "article_title": "╓рЁ№уЁрф", "text": "11111111111111111111111111111111111111111111111111111111111111111111111111111111 \r\n11111111111111111111111111111111111111111111111111111", "rating": 0}}, {"model": "news.post", "pk": 85, "fields": {"author": 5, "category_type": "NW", "date_of_creation": "2023-07-27T16:35:18.084Z", "post_category": 2, "article_title": "╓рЁ№уЁрф", "text": "11111111111111111111111111111111111111111111111111111111111111111111111111111111 \r\n11111111111111111111111111111111111111111111111111111", "rating": 0}}, {"model": "news.post", "pk": 86, "fields": {"author": 1, "category_type": "NW", "date_of_creation": "2023-07-27T16:36:59.864Z", "post_category": 2, "article_title": "╥Ёрья", "text": "3333333333333333333333333333333333333333333333333333333323333333333333333333333333333333", "rating": 0}}, {"model": "news.post", "pk": 87, "fields": {"author": 3, "category_type": "NW", "date_of_creation": "2023-07-27T16:37:46.245Z", "post_category": 2, "article_title": "╥Ёрья", "text": "33333333333333333333333333333333gbnmbnvm33333333333333333333333323333333333333333333333333333333", "rating": 0}}, {"model": "news.post", "pk": 88, "fields": {"author": 3, "category_type": "NW", "date_of_creation": "2023-07-27T16:58:26.635Z", "post_category": 1, "article_title": "╥Ёрья", "text": "33333333333333333333333333333333gbnmbnvm33333333333333333333333323333333333333333333333333333333", "rating": 0}}, {"model": "news.post", "pk": 89, "fields": {"author": 3, "category_type": "AR", "date_of_creation": "2023-07-27T17:48:27.845Z", "post_category": 2, "article_title": "Ёяю", "text": "юЁяю ряюряЁ юярЁ юяЁр юряЁюряЁюряЁ юярюряЁюряЁюряЁ ю", "rating": 3}}, {"model": "news.post", "pk": 90, "fields": {"author": 6, "category_type": "NW", "date_of_creation": "2023-07-28T06:36:33.680Z", "post_category": 2, "article_title": "═єфышэу", "text": "klj,gjkhljkljklh gj ghf jfgh j fg jfgh jf", "rating": 0}}, {"model": "news.postcategory", "pk": 2, "fields": {"post": 4, "category": 3}}, {"model": "news.postcategory", "pk": 4, "fields": {"post": 1, "category": 2}}, {"model": "news.comment", "pk": 2, "fields": {"comment_user": 4, "text_comment": "эюЁь", "datetime_comment": "2023-06-27T15:38:15.597Z", "comment_post": 4, "rating": 0}}, {"model": "news.comment", "pk": 3, "fields": {"comment_user": 4, "text_comment": "эюЁь", "datetime_comment": "2023-06-27T15:41:21.651Z", "comment_post": 4, "rating": 0}}, {"model": "news.comment", "pk": 4, "fields": {"comment_user": 4, "text_comment": "їрїрїрїррї", "datetime_comment": "2023-06-27T15:41:24.238Z", "comment_post": 4, "rating": 0}}, {"model": "news.comment", "pk": 5, "fields": {"comment_user": 4, "text_comment": "эюЁь", "datetime_comment": "2023-06-27T15:41:25.038Z", "comment_post": 4, "rating": 0}}, {"model": "news.comment", "pk": 6, "fields": {"comment_user": 4, "text_comment": "эюЁь", "datetime_comment": "2023-06-27T15:41:25.708Z", "comment_post": 4, "rating": 0}}, {"model": "news.comment", "pk": 7, "fields": {"comment_user": 4, "text_comment": "эюЁь", "datetime_comment": "2023-06-27T15:41:26.329Z", "comment_post": 4, "rating": 0}}, {"model": "news.comment", "pk": 9, "fields": {"comment_user": 3, "text_comment": "hahahahaha", "datetime_comment": "2023-06-28T06:53:31.642Z", "comment_post": 2, "rating": 10}}, {"model": "news.comment", "pk": 10, "fields": {"comment_user": 5, "text_comment": "oooooogogog", "datetime_comment": "2023-06-28T06:53:39.600Z", "comment_post": 2, "rating": 5}}, {"model": "news.comment", "pk": 11, "fields": {"comment_user": 6, "text_comment": "!!!!!!!!!!", "datetime_comment": "2023-06-28T06:56:32.893Z", "comment_post": 2, "rating": 3}}, {"model": "news.comment", "pk": 12, "fields": {"comment_user": 12, "text_comment": "рур", "datetime_comment": "2023-06-28T07:12:09.080Z", "comment_post": 2, "rating": 7}}, {"model": "news.subscriber", "pk": 39, "fields": {"user": 21, "category": 7}}, {"model": "news.subscriber", "pk": 47, "fields": {"user": 7, "category": 1}}, {"model": "news.subscriber", "pk": 48, "fields": {"user": 7, "category": 6}}, {"model": "news.subscriber", "pk": 49, "fields": {"user": 7, "category": 4}}, {"model": "news.subscriber", "pk": 50, "fields": {"user": 7, "category": 2}}, {"model": "account.emailaddress", "pk": 1, "fields": {"user": 14, "email": "dsfgddfg@mail.ru", "verified": false, "primary": true}}, {"model": "account.emailaddress", "pk": 2, "fields": {"user": 15, "email": "323erwferdggd@bnnc.ru", "verified": false, "primary": true}}, {"model": "account.emailaddress", "pk": 3, "fields": {"user": 16, "email": "ka2@23.ru", "verified": false, "primary": true}}, {"model": "account.emailaddress", "pk": 4, "fields": {"user": 17, "email": "dsfgdwewdfg@mail.ru", "verified": false, "primary": true}}, {"model": "account.emailaddress", "pk": 7, "fields": {"user": 20, "email": "eeeeee@ma.ru", "verified": false, "primary": true}}, {"model": "account.emailaddress", "pk": 8, "fields": {"user": 21, "email": "ilya.kalini4enko@yandex.ru", "verified": true, "primary": true}}, {"model": "account.emailaddress", "pk": 10, "fields": {"user": 23, "email": "kalinichenko.ilya@gmail.com", "verified": true, "primary": true}}, {"model": "socialaccount.socialapp", "pk": 1, "fields": {"provider": "yandex", "name": "Yandex", "client_id": "026795c6bbc14f2fa501f254d69e5229", "secret": "3733b276027b43ea8be7be04ee4aad8a", "key": "3733b276027b43ea8be7be04ee4aad8a", "sites": [1]}}, {"model": "socialaccount.socialaccount", "pk": 3, "fields": {"user": 21, "provider": "yandex", "uid": "192583136", "last_login": "2023-08-05T18:49:58.220Z", "date_joined": "2023-07-14T12:50:19.444Z", "extra_data": "{\"id\": \"192583136\", \"login\": \"ilya.kalini4enko\", \"client_id\": \"026795c6bbc14f2fa501f254d69e5229\", \"display_name\": \"\\u0418\\u043b\\u044c\\u044f\", \"real_name\": \"\\u0418\\u043b\\u044c\\u044f \\u041a\\u0430\\u043b\\u0438\\u043d\\u0438\\u0447\\u0435\\u043d\\u043a\\u043e\", \"first_name\": \"\\u0418\\u043b\\u044c\\u044f\", \"last_name\": \"\\u041a\\u0430\\u043b\\u0438\\u043d\\u0438\\u0447\\u0435\\u043d\\u043a\\u043e\", \"sex\": \"male\", \"default_email\": \"ilya.kalini4enko@yandex.ru\", \"emails\": [\"ilya.kalini4enko@yandex.ru\"], \"psuid\": \"1.AAot8w.Kkl-CZeOSZIXwi1WWkC1ag.LSSMu2rnRwS_DwcH6u8SCg\"}"}}, {"model": "django_apscheduler.djangojob", "pk": "delete_old_job_executions", "fields": {"next_run_time": "2023-07-28T15:00:00Z", "job_state": "gAWVWQQAAAAAAAB9lCiMB3ZlcnNpb26USwGMAmlklIwZZGVsZXRlX29sZF9qb2JfZXhlY3V0aW9uc5SMBGZ1bmOUjEFuZXdzLm1hbmFnZW1lbnQuY29tbWFuZHMucnVuYXBzY2hlZHVsZXI6ZGVsZXRlX29sZF9qb2JfZXhlY3V0aW9uc5SMB3RyaWdnZXKUjBlhcHNjaGVkdWxlci50cmlnZ2Vycy5jcm9ulIwLQ3JvblRyaWdnZXKUk5QpgZR9lChoAUsCjAh0aW1lem9uZZSMCGJ1aWx0aW5zlIwHZ2V0YXR0cpSTlIwIem9uZWluZm+UjAhab25lSW5mb5STlIwJX3VucGlja2xllIaUUpSMDUV1cm9wZS9Nb3Njb3eUSwGGlFKUjApzdGFydF9kYXRllE6MCGVuZF9kYXRllE6MBmZpZWxkc5RdlCiMIGFwc2NoZWR1bGVyLnRyaWdnZXJzLmNyb24uZmllbGRzlIwJQmFzZUZpZWxklJOUKYGUfZQojARuYW1llIwEeWVhcpSMCmlzX2RlZmF1bHSUiIwLZXhwcmVzc2lvbnOUXZSMJWFwc2NoZWR1bGVyLnRyaWdnZXJzLmNyb24uZXhwcmVzc2lvbnOUjA1BbGxFeHByZXNzaW9ulJOUKYGUfZSMBHN0ZXCUTnNiYXViaB2MCk1vbnRoRmllbGSUk5QpgZR9lChoIowFbW9udGiUaCSIaCVdlGgpKYGUfZRoLE5zYmF1YmgdjA9EYXlPZk1vbnRoRmllbGSUk5QpgZR9lChoIowDZGF5lGgkiGglXZRoKSmBlH2UaCxOc2JhdWJoHYwJV2Vla0ZpZWxklJOUKYGUfZQoaCKMBHdlZWuUaCSIaCVdlGgpKYGUfZRoLE5zYmF1YmgdjA5EYXlPZldlZWtGaWVsZJSTlCmBlH2UKGgijAtkYXlfb2Zfd2Vla5RoJIloJV2UaCeMFldlZWtkYXlSYW5nZUV4cHJlc3Npb26Uk5QpgZR9lChoLE6MBWZpcnN0lEsEjARsYXN0lEsEdWJhdWJoHymBlH2UKGgijARob3VylGgkiWglXZRoJ4wPUmFuZ2VFeHByZXNzaW9ulJOUKYGUfZQoaCxOaE9LEmhQSxJ1YmF1YmgfKYGUfZQoaCKMBm1pbnV0ZZRoJIloJV2UaFYpgZR9lChoLE5oT0sAaFBLAHViYXViaB8pgZR9lChoIowGc2Vjb25klGgkiGglXZRoVimBlH2UKGgsTmhPSwBoUEsAdWJhdWJljAZqaXR0ZXKUTnVijAhleGVjdXRvcpSMB2RlZmF1bHSUjARhcmdzlCmMBmt3YXJnc5R9lGgiaAOMEm1pc2ZpcmVfZ3JhY2VfdGltZZRLAYwIY29hbGVzY2WUiIwNbWF4X2luc3RhbmNlc5RLAYwNbmV4dF9ydW5fdGltZZSMCGRhdGV0aW1llIwIZGF0ZXRpbWWUk5RDCgfnBxwSAAAAAACUaBiGlFKUdS4="}}, {"model": "django_apscheduler.djangojob", "pk": "my_job", "fields": {"next_run_time": "2023-07-24T15:59:10Z", "job_state": "gAWV1gMAAAAAAAB9lCiMB3ZlcnNpb26USwGMAmlklIwGbXlfam9ilIwEZnVuY5SMLm5ld3MubWFuYWdlbWVudC5jb21tYW5kcy5ydW5hcHNjaGVkdWxlcjpteV9qb2KUjAd0cmlnZ2VylIwZYXBzY2hlZHVsZXIudHJpZ2dlcnMuY3JvbpSMC0Nyb25UcmlnZ2VylJOUKYGUfZQoaAFLAowIdGltZXpvbmWUjAhidWlsdGluc5SMB2dldGF0dHKUk5SMCHpvbmVpbmZvlIwIWm9uZUluZm+Uk5SMCV91bnBpY2tsZZSGlFKUjA1FdXJvcGUvTW9zY293lEsBhpRSlIwKc3RhcnRfZGF0ZZROjAhlbmRfZGF0ZZROjAZmaWVsZHOUXZQojCBhcHNjaGVkdWxlci50cmlnZ2Vycy5jcm9uLmZpZWxkc5SMCUJhc2VGaWVsZJSTlCmBlH2UKIwEbmFtZZSMBHllYXKUjAppc19kZWZhdWx0lIiMC2V4cHJlc3Npb25zlF2UjCVhcHNjaGVkdWxlci50cmlnZ2Vycy5jcm9uLmV4cHJlc3Npb25zlIwNQWxsRXhwcmVzc2lvbpSTlCmBlH2UjARzdGVwlE5zYmF1YmgdjApNb250aEZpZWxklJOUKYGUfZQoaCKMBW1vbnRolGgkiGglXZRoKSmBlH2UaCxOc2JhdWJoHYwPRGF5T2ZNb250aEZpZWxklJOUKYGUfZQoaCKMA2RheZRoJIhoJV2UaCkpgZR9lGgsTnNiYXViaB2MCVdlZWtGaWVsZJSTlCmBlH2UKGgijAR3ZWVrlGgkiGglXZRoKSmBlH2UaCxOc2JhdWJoHYwORGF5T2ZXZWVrRmllbGSUk5QpgZR9lChoIowLZGF5X29mX3dlZWuUaCSIaCVdlGgpKYGUfZRoLE5zYmF1YmgfKYGUfZQoaCKMBGhvdXKUaCSIaCVdlGgpKYGUfZRoLE5zYmF1YmgfKYGUfZQoaCKMBm1pbnV0ZZRoJIhoJV2UaCkpgZR9lGgsTnNiYXViaB8pgZR9lChoIowGc2Vjb25klGgkiWglXZRoKSmBlH2UaCxLCnNiYXViZYwGaml0dGVylE51YowIZXhlY3V0b3KUjAdkZWZhdWx0lIwEYXJnc5QpjAZrd2FyZ3OUfZRoImgDjBJtaXNmaXJlX2dyYWNlX3RpbWWUSwGMCGNvYWxlc2NllIiMDW1heF9pbnN0YW5jZXOUSwGMDW5leHRfcnVuX3RpbWWUjAhkYXRldGltZZSMCGRhdGV0aW1llJOUQwoH5wcYEjsKAAAAlGgYhpRSlHUu"}}, {"model": "django_apscheduler.djangojobexecution", "pk": 1, "fields": {"job": "my_job", "status": "Error!", "run_time": "2023-07-22T10:24:50Z", "duration": "0.02", "finished": "1690021490.02", "exception": "Cannot resolve keyword 'catedory' into field. Choices are: category, category_id, id, user, user_id", "traceback": "  File \"C:\\Users\\Trewor\\PycharmProjects\\new_Project_Django\\venv\\lib\\site-packages\\apscheduler\\executors\\base.py\", line 125, in run_job\n    retval = job.func(*job.args, **job.kwargs)\n  File \"C:\\Users\\Trewor\\PycharmProjects\\new_Project_Django\\NewsPaper\\news\\management\\commands\\runapscheduler.py\", line 27, in my_job\n    subscribers = Subscriber.objects.filter(catedory__name_category_post=i)\n  File \"C:\\Users\\Trewor\\PycharmProjects\\new_Project_Django\\venv\\lib\\site-packages\\django\\db\\models\\manager.py\", line 87, in manager_method\n    return getattr(self.get_queryset(), name)(*args, **kwargs)\n  File \"C:\\Users\\Trewor\\PycharmProjects\\new_Project_Django\\venv\\lib\\site-packages\\django\\db\\models\\query.py\", line 1436, in filter\n    return self._filter_or_exclude(False, args, kwargs)\n  File \"C:\\Users\\Trewor\\PycharmProjects\\new_Project_Django\\venv\\lib\\site-packages\\django\\db\\models\\query.py\", line 1454, in _filter_or_exclude\n    clone._filter_or_exclude_inplace(negate, args, kwargs)\n  File \"C:\\Users\\Trewor\\PycharmProjects\\new_Project_Django\\venv\\lib\\site-packages\\django\\db\\models\\query.py\", line 1461, in _filter_or_exclude_inplace\n    self._query.add_q(Q(*args, **kwargs))\n  File \"C:\\Users\\Trewor\\PycharmProjects\\new_Project_Django\\venv\\lib\\site-packages\\django\\db\\models\\sql\\query.py\", line 1534, in add_q\n    clause, _ = self._add_q(q_object, self.used_aliases)\n  File \"C:\\Users\\Trewor\\PycharmProjects\\new_Project_Django\\venv\\lib\\site-packages\\django\\db\\models\\sql\\query.py\", line 1565, in _add_q\n    child_clause, needed_inner = self.build_filter(\n  File \"C:\\Users\\Trewor\\PycharmProjects\\new_Project_Django\\venv\\lib\\site-packages\\django\\db\\models\\sql\\query.py\", line 1415, in build_filter\n    lookups, parts, reffed_expression = self.solve_lookup_type(arg, summarize)\n  File \"C:\\Users\\Trewor\\PycharmProjects\\new_Project_Django\\venv\\lib\\site-packages\\django\\db\\models\\sql\\query.py\", line 1225, in solve_lookup_type\n    _, field, _, lookup_parts = self.names_to_path(lookup_splitted, self.get_meta())\n  File \"C:\\Users\\Trewor\\PycharmProjects\\new_Project_Django\\venv\\lib\\site-packages\\django\\db\\models\\sql\\query.py\", line 1713, in names_to_path\n    raise FieldError(\n"}}, {"model": "django_apscheduler.djangojobexecution", "pk": 2, "fields": {"job": "my_job", "status": "Error!", "run_time": "2023-07-22T10:26:00Z", "duration": "0.05", "finished": "1690021560.05", "exception": "'Settings' object has no attribute 'SITE_URL'", "traceback": "  File \"C:\\Users\\Trewor\\PycharmProjects\\new_Project_Django\\venv\\lib\\site-packages\\apscheduler\\executors\\base.py\", line 125, in run_job\n    retval = job.func(*job.args, **job.kwargs)\n  File \"C:\\Users\\Trewor\\PycharmProjects\\new_Project_Django\\NewsPaper\\news\\management\\commands\\runapscheduler.py\", line 34, in my_job\n    'link': settings.SITE_URL,\n  File \"C:\\Users\\Trewor\\PycharmProjects\\new_Project_Django\\venv\\lib\\site-packages\\django\\conf\\__init__.py\", line 104, in __getattr__\n    val = getattr(_wrapped, name)\n"}}, {"model": "django_apscheduler.djangojobexecution", "pk": 3, "fields": {"job": "my_job", "status": "Error!", "run_time": "2023-07-22T10:43:00Z", "duration": "0.05", "finished": "1690022580.05", "exception": "'QuerySet' object has no attribute 'article_title'", "traceback": "  File \"C:\\Users\\Trewor\\PycharmProjects\\new_Project_Django\\venv\\lib\\site-packages\\apscheduler\\executors\\base.py\", line 125, in run_job\n    retval = job.func(*job.args, **job.kwargs)\n  File \"C:\\Users\\Trewor\\PycharmProjects\\new_Project_Django\\NewsPaper\\news\\management\\commands\\runapscheduler.py\", line 32, in my_job\n    f'NewsPost: {post.article_title}<br>'\n"}}, {"model": "django_apscheduler.djangojobexecution", "pk": 4, "fields": {"job": "my_job", "status": "Error!", "run_time": "2023-07-22T10:43:10Z", "duration": "0.08", "finished": "1690022590.08", "exception": "'QuerySet' object has no attribute 'article_title'", "traceback": "  File \"C:\\Users\\Trewor\\PycharmProjects\\new_Project_Django\\venv\\lib\\site-packages\\apscheduler\\executors\\base.py\", line 125, in run_job\n    retval = job.func(*job.args, **job.kwargs)\n  File \"C:\\Users\\Trewor\\PycharmProjects\\new_Project_Django\\NewsPaper\\news\\management\\commands\\runapscheduler.py\", line 32, in my_job\n    f'NewsPost: {post.article_title}<br>'\n"}}, {"model": "django_apscheduler.djangojobexecution", "pk": 5, "fields": {"job": "my_job", "status": "Error!", "run_time": "2023-07-22T10:46:30Z", "duration": "0.05", "finished": "1690022790.05", "exception": "'Settings' object has no attribute 'SITE_URL'", "traceback": "  File \"C:\\Users\\Trewor\\PycharmProjects\\new_Project_Django\\venv\\lib\\site-packages\\apscheduler\\executors\\base.py\", line 125, in run_job\n    retval = job.func(*job.args, **job.kwargs)\n  File \"C:\\Users\\Trewor\\PycharmProjects\\new_Project_Django\\NewsPaper\\news\\management\\commands\\runapscheduler.py\", line 34, in my_job\n    'link': settings.SITE_URL,\n  File \"C:\\Users\\Trewor\\PycharmProjects\\new_Project_Django\\venv\\lib\\site-packages\\django\\conf\\__init__.py\", line 104, in __getattr__\n    val = getattr(_wrapped, name)\n"}}, {"model": "django_apscheduler.djangojobexecution", "pk": 6, "fields": {"job": "my_job", "status": "Error!", "run_time": "2023-07-22T10:46:40Z", "duration": "0.08", "finished": "1690022800.08", "exception": "'Settings' object has no attribute 'SITE_URL'", "traceback": "  File \"C:\\Users\\Trewor\\PycharmProjects\\new_Project_Django\\venv\\lib\\site-packages\\apscheduler\\executors\\base.py\", line 125, in run_job\n    retval = job.func(*job.args, **job.kwargs)\n  File \"C:\\Users\\Trewor\\PycharmProjects\\new_Project_Django\\NewsPaper\\news\\management\\commands\\runapscheduler.py\", line 34, in my_job\n    'link': settings.SITE_URL,\n  File \"C:\\Users\\Trewor\\PycharmProjects\\new_Project_Django\\venv\\lib\\site-packages\\django\\conf\\__init__.py\", line 104, in __getattr__\n    val = getattr(_wrapped, name)\n"}}, {"model": "django_apscheduler.djangojobexecution", "pk": 7, "fields": {"job": "my_job", "status": "Error!", "run_time": "2023-07-22T10:55:40Z", "duration": "0.04", "finished": "1690023340.04", "exception": "'Settings' object has no attribute 'SITE_URL'", "traceback": "  File \"C:\\Users\\Trewor\\PycharmProjects\\new_Project_Django\\venv\\lib\\site-packages\\apscheduler\\executors\\base.py\", line 125, in run_job\n    retval = job.func(*job.args, **job.kwargs)\n  File \"C:\\Users\\Trewor\\PycharmProjects\\new_Project_Django\\NewsPaper\\news\\management\\commands\\runapscheduler.py\", line 34, in my_job\n    'link': settings.SITE_URL,\n  File \"C:\\Users\\Trewor\\PycharmProjects\\new_Project_Django\\venv\\lib\\site-packages\\django\\conf\\__init__.py\", line 104, in __getattr__\n    val = getattr(_wrapped, name)\n"}}, {"model": "django_apscheduler.djangojobexecution", "pk": 8, "fields": {"job": "my_job", "status": "Error!", "run_time": "2023-07-22T10:55:50Z", "duration": "0.07", "finished": "1690023350.07", "exception": "'Settings' object has no attribute 'SITE_URL'", "traceback": "  File \"C:\\Users\\Trewor\\PycharmProjects\\new_Project_Django\\venv\\lib\\site-packages\\apscheduler\\executors\\base.py\", line 125, in run_job\n    retval = job.func(*job.args, **job.kwargs)\n  File \"C:\\Users\\Trewor\\PycharmProjects\\new_Project_Django\\NewsPaper\\news\\management\\commands\\runapscheduler.py\", line 34, in my_job\n    'link': settings.SITE_URL,\n  File \"C:\\Users\\Trewor\\PycharmProjects\\new_Project_Django\\venv\\lib\\site-packages\\django\\conf\\__init__.py\", line 104, in __getattr__\n    val = getattr(_wrapped, name)\n"}}, {"model": "django_apscheduler.djangojobexecution", "pk": 9, "fields": {"job": "my_job", "status": "Executed", "run_time": "2023-07-22T10:58:50Z", "duration": "0.06", "finished": "1690023530.06", "exception": null, "traceback": null}}, {"model": "django_apscheduler.djangojobexecution", "pk": 10, "fields": {"job": "my_job", "status": "Executed", "run_time": "2023-07-22T10:59:00Z", "duration": "0.09", "finished": "1690023540.09", "exception": null, "traceback": null}}, {"model": "django_apscheduler.djangojobexecution", "pk": 11, "fields": {"job": "my_job", "status": "Executed", "run_time": "2023-07-22T11:01:10Z", "duration": "0.07", "finished": "1690023670.07", "exception": null, "traceback": null}}, {"model": "django_apscheduler.djangojobexecution", "pk": 12, "fields": {"job": "my_job", "status": "Executed", "run_time": "2023-07-22T11:01:20Z", "duration": "0.06", "finished": "1690023680.06", "exception": null, "traceback": null}}, {"model": "django_apscheduler.djangojobexecution", "pk": 13, "fields": {"job": "my_job", "status": "Executed", "run_time": "2023-07-22T11:01:30Z", "duration": "0.06", "finished": "1690023690.06", "exception": null, "traceback": null}}, {"model": "django_apscheduler.djangojobexecution", "pk": 14, "fields": {"job": "my_job", "status": "Executed", "run_time": "2023-07-22T11:01:40Z", "duration": "0.09", "finished": "1690023700.09", "exception": null, "traceback": null}}, {"model": "django_apscheduler.djangojobexecution", "pk": 15, "fields": {"job": "my_job", "status": "Executed", "run_time": "2023-07-22T11:01:50Z", "duration": "0.07", "finished": "1690023710.07", "exception": null, "traceback": null}}, {"model": "django_apscheduler.djangojobexecution", "pk": 16, "fields": {"job": "my_job", "status": "Executed", "run_time": "2023-07-22T11:02:00Z", "duration": "0.07", "finished": "1690023720.07", "exception": null, "traceback": null}}, {"model": "django_apscheduler.djangojobexecution", "pk": 17, "fields": {"job": "my_job", "status": "Executed", "run_time": "2023-07-22T11:02:10Z", "duration": "0.07", "finished": "1690023730.07", "exception": null, "traceback": null}}, {"model": "django_apscheduler.djangojobexecution", "pk": 18, "fields": {"job": "my_job", "status": "Executed", "run_time": "2023-07-22T11:02:20Z", "duration": "0.07", "finished": "1690023740.07", "exception": null, "traceback": null}}, {"model": "django_apscheduler.djangojobexecution", "pk": 19, "fields": {"job": "my_job", "status": "Executed", "run_time": "2023-07-22T11:02:30Z", "duration": "0.08", "finished": "1690023750.08", "exception": null, "traceback": null}}, {"model": "django_apscheduler.djangojobexecution", "pk": 20, "fields": {"job": "my_job", "status": "Executed", "run_time": "2023-07-22T11:02:40Z", "duration": "0.21", "finished": "1690023760.21", "exception": null, "traceback": null}}, {"model": "django_apscheduler.djangojobexecution", "pk": 21, "fields": {"job": "my_job", "status": "Executed", "run_time": "2023-07-22T11:02:50Z", "duration": "0.08", "finished": "1690023770.08", "exception": null, "traceback": null}}, {"model": "django_apscheduler.djangojobexecution", "pk": 22, "fields": {"job": "my_job", "status": "Executed", "run_time": "2023-07-22T11:03:00Z", "duration": "0.09", "finished": "1690023780.09", "exception": null, "traceback": null}}, {"model": "django_apscheduler.djangojobexecution", "pk": 23, "fields": {"job": "my_job", "status": "Executed", "run_time": "2023-07-22T11:03:50Z", "duration": "0.06", "finished": "1690023830.06", "exception": null, "traceback": null}}, {"model": "django_apscheduler.djangojobexecution", "pk": 24, "fields": {"job": "my_job", "status": "Executed", "run_time": "2023-07-22T11:04:00Z", "duration": "0.07", "finished": "1690023840.07", "exception": null, "traceback": null}}, {"model": "django_apscheduler.djangojobexecution", "pk": 25, "fields": {"job": "my_job", "status": "Executed", "run_time": "2023-07-22T11:04:10Z", "duration": "0.05", "finished": "1690023850.05", "exception": null, "traceback": null}}, {"model": "django_apscheduler.djangojobexecution", "pk": 26, "fields": {"job": "my_job", "status": "Executed", "run_time": "2023-07-22T11:22:40Z", "duration": "0.08", "finished": "1690024960.08", "exception": null, "traceback": null}}, {"model": "django_apscheduler.djangojobexecution", "pk": 27, "fields": {"job": "my_job", "status": "Executed", "run_time": "2023-07-22T11:22:50Z", "duration": "0.06", "finished": "1690024970.06", "exception": null, "traceback": null}}, {"model": "django_apscheduler.djangojobexecution", "pk": 28, "fields": {"job": "my_job", "status": "Executed", "run_time": "2023-07-22T11:23:00Z", "duration": "0.06", "finished": "1690024980.06", "exception": null, "traceback": null}}, {"model": "django_apscheduler.djangojobexecution", "pk": 29, "fields": {"job": "my_job", "status": "Executed", "run_time": "2023-07-22T11:25:30Z", "duration": "0.07", "finished": "1690025130.07", "exception": null, "traceback": null}}, {"model": "django_apscheduler.djangojobexecution", "pk": 30, "fields": {"job": "my_job", "status": "Executed", "run_time": "2023-07-22T11:25:40Z", "duration": "0.05", "finished": "1690025140.05", "exception": null, "traceback": null}}, {"model": "django_apscheduler.djangojobexecution", "pk": 31, "fields": {"job": "my_job", "status": "Executed", "run_time": "2023-07-22T11:25:50Z", "duration": "0.07", "finished": "1690025150.07", "exception": null, "traceback": null}}, {"model": "django_apscheduler.djangojobexecution", "pk": 32, "fields": {"job": "my_job", "status": "Executed", "run_time": "2023-07-22T11:26:00Z", "duration": "0.07", "finished": "1690025160.07", "exception": null, "traceback": null}}, {"model": "django_apscheduler.djangojobexecution", "pk": 33, "fields": {"job": "my_job", "status": "Executed", "run_time": "2023-07-22T11:26:10Z", "duration": "0.08", "finished": "1690025170.08", "exception": null, "traceback": null}}, {"model": "django_apscheduler.djangojobexecution", "pk": 34, "fields": {"job": "my_job", "status": "Executed", "run_time": "2023-07-22T11:26:20Z", "duration": "0.08", "finished": "1690025180.08", "exception": null, "traceback": null}}, {"model": "django_apscheduler.djangojobexecution", "pk": 35, "fields": {"job": "my_job", "status": "Executed", "run_time": "2023-07-22T11:26:30Z", "duration": "0.08", "finished": "1690025190.08", "exception": null, "traceback": null}}, {"model": "django_apscheduler.djangojobexecution", "pk": 36, "fields": {"job": "my_job", "status": "Executed", "run_time": "2023-07-22T11:26:40Z", "duration": "0.08", "finished": "1690025200.08", "exception": null, "traceback": null}}, {"model": "django_apscheduler.djangojobexecution", "pk": 37, "fields": {"job": "my_job", "status": "Executed", "run_time": "2023-07-22T11:26:50Z", "duration": "0.07", "finished": "1690025210.07", "exception": null, "traceback": null}}, {"model": "django_apscheduler.djangojobexecution", "pk": 38, "fields": {"job": "my_job", "status": "Executed", "run_time": "2023-07-22T11:27:00Z", "duration": "0.07", "finished": "1690025220.07", "exception": null, "traceback": null}}, {"model": "django_apscheduler.djangojobexecution", "pk": 39, "fields": {"job": "my_job", "status": "Executed", "run_time": "2023-07-22T11:27:10Z", "duration": "0.06", "finished": "1690025230.06", "exception": null, "traceback": null}}, {"model": "django_apscheduler.djangojobexecution", "pk": 40, "fields": {"job": "my_job", "status": "Executed", "run_time": "2023-07-22T11:27:20Z", "duration": "0.06", "finished": "1690025240.06", "exception": null, "traceback": null}}, {"model": "django_apscheduler.djangojobexecution", "pk": 41, "fields": {"job": "my_job", "status": "Executed", "run_time": "2023-07-22T11:27:30Z", "duration": "0.07", "finished": "1690025250.07", "exception": null, "traceback": null}}, {"model": "django_apscheduler.djangojobexecution", "pk": 42, "fields": {"job": "my_job", "status": "Executed", "run_time": "2023-07-22T11:27:40Z", "duration": "0.06", "finished": "1690025260.06", "exception": null, "traceback": null}}, {"model": "django_apscheduler.djangojobexecution", "pk": 43, "fields": {"job": "my_job", "status": "Executed", "run_time": "2023-07-22T11:27:50Z", "duration": "0.06", "finished": "1690025270.06", "exception": null, "traceback": null}}, {"model": "django_apscheduler.djangojobexecution", "pk": 44, "fields": {"job": "my_job", "status": "Executed", "run_time": "2023-07-22T11:28:00Z", "duration": "0.04", "finished": "1690025280.04", "exception": null, "traceback": null}}, {"model": "django_apscheduler.djangojobexecution", "pk": 45, "fields": {"job": "my_job", "status": "Executed", "run_time": "2023-07-22T11:28:10Z", "duration": "0.10", "finished": "1690025290.10", "exception": null, "traceback": null}}, {"model": "django_apscheduler.djangojobexecution", "pk": 46, "fields": {"job": "my_job", "status": "Executed", "run_time": "2023-07-22T11:28:20Z", "duration": "0.07", "finished": "1690025300.07", "exception": null, "traceback": null}}, {"model": "django_apscheduler.djangojobexecution", "pk": 47, "fields": {"job": "my_job", "status": "Executed", "run_time": "2023-07-22T11:28:30Z", "duration": "0.07", "finished": "1690025310.07", "exception": null, "traceback": null}}, {"model": "django_apscheduler.djangojobexecution", "pk": 48, "fields": {"job": "my_job", "status": "Executed", "run_time": "2023-07-22T11:28:40Z", "duration": "0.07", "finished": "1690025320.07", "exception": null, "traceback": null}}, {"model": "django_apscheduler.djangojobexecution", "pk": 49, "fields": {"job": "my_job", "status": "Executed", "run_time": "2023-07-22T11:28:50Z", "duration": "0.07", "finished": "1690025330.07", "exception": null, "traceback": null}}, {"model": "django_apscheduler.djangojobexecution", "pk": 50, "fields": {"job": "my_job", "status": "Executed", "run_time": "2023-07-22T11:29:00Z", "duration": "0.06", "finished": "1690025340.06", "exception": null, "traceback": null}}, {"model": "django_apscheduler.djangojobexecution", "pk": 51, "fields": {"job": "my_job", "status": "Executed", "run_time": "2023-07-22T11:29:10Z", "duration": "0.08", "finished": "1690025350.08", "exception": null, "traceback": null}}, {"model": "django_apscheduler.djangojobexecution", "pk": 52, "fields": {"job": "my_job", "status": "Executed", "run_time": "2023-07-22T11:29:20Z", "duration": "0.06", "finished": "1690025360.06", "exception": null, "traceback": null}}, {"model": "django_apscheduler.djangojobexecution", "pk": 53, "fields": {"job": "my_job", "status": "Executed", "run_time": "2023-07-22T11:29:30Z", "duration": "0.06", "finished": "1690025370.06", "exception": null, "traceback": null}}, {"model": "django_apscheduler.djangojobexecution", "pk": 54, "fields": {"job": "my_job", "status": "Executed", "run_time": "2023-07-22T11:29:40Z", "duration": "0.06", "finished": "1690025380.06", "exception": null, "traceback": null}}, {"model": "django_apscheduler.djangojobexecution", "pk": 55, "fields": {"job": "my_job", "status": "Executed", "run_time": "2023-07-22T11:29:50Z", "duration": "0.05", "finished": "1690025390.05", "exception": null, "traceback": null}}, {"model": "django_apscheduler.djangojobexecution", "pk": 56, "fields": {"job": "my_job", "status": "Executed", "run_time": "2023-07-22T11:49:30Z", "duration": "0.09", "finished": "1690026570.09", "exception": null, "traceback": null}}, {"model": "django_apscheduler.djangojobexecution", "pk": 57, "fields": {"job": "my_job", "status": "Error!", "run_time": "2023-07-22T12:06:00Z", "duration": "0.04", "finished": "1690027560.04", "exception": "Field 'id' expected a number but got '╨рчэюх76'.", "traceback": "  File \"C:\\Users\\Trewor\\PycharmProjects\\new_Project_Django\\venv\\lib\\site-packages\\apscheduler\\executors\\base.py\", line 125, in run_job\n    retval = job.func(*job.args, **job.kwargs)\n  File \"C:\\Users\\Trewor\\PycharmProjects\\new_Project_Django\\NewsPaper\\news\\management\\commands\\runapscheduler.py\", line 27, in my_job\n    subscribers = Subscriber.objects.filter(category=i)\n  File \"C:\\Users\\Trewor\\PycharmProjects\\new_Project_Django\\venv\\lib\\site-packages\\django\\db\\models\\manager.py\", line 87, in manager_method\n    return getattr(self.get_queryset(), name)(*args, **kwargs)\n  File \"C:\\Users\\Trewor\\PycharmProjects\\new_Project_Django\\venv\\lib\\site-packages\\django\\db\\models\\query.py\", line 1436, in filter\n    return self._filter_or_exclude(False, args, kwargs)\n  File \"C:\\Users\\Trewor\\PycharmProjects\\new_Project_Django\\venv\\lib\\site-packages\\django\\db\\models\\query.py\", line 1454, in _filter_or_exclude\n    clone._filter_or_exclude_inplace(negate, args, kwargs)\n  File \"C:\\Users\\Trewor\\PycharmProjects\\new_Project_Django\\venv\\lib\\site-packages\\django\\db\\models\\query.py\", line 1461, in _filter_or_exclude_inplace\n    self._query.add_q(Q(*args, **kwargs))\n  File \"C:\\Users\\Trewor\\PycharmProjects\\new_Project_Django\\venv\\lib\\site-packages\\django\\db\\models\\sql\\query.py\", line 1534, in add_q\n    clause, _ = self._add_q(q_object, self.used_aliases)\n  File \"C:\\Users\\Trewor\\PycharmProjects\\new_Project_Django\\venv\\lib\\site-packages\\django\\db\\models\\sql\\query.py\", line 1565, in _add_q\n    child_clause, needed_inner = self.build_filter(\n  File \"C:\\Users\\Trewor\\PycharmProjects\\new_Project_Django\\venv\\lib\\site-packages\\django\\db\\models\\sql\\query.py\", line 1480, in build_filter\n    condition = self.build_lookup(lookups, col, value)\n  File \"C:\\Users\\Trewor\\PycharmProjects\\new_Project_Django\\venv\\lib\\site-packages\\django\\db\\models\\sql\\query.py\", line 1307, in build_lookup\n    lookup = lookup_class(lhs, rhs)\n  File \"C:\\Users\\Trewor\\PycharmProjects\\new_Project_Django\\venv\\lib\\site-packages\\django\\db\\models\\lookups.py\", line 27, in __init__\n    self.rhs = self.get_prep_lookup()\n  File \"C:\\Users\\Trewor\\PycharmProjects\\new_Project_Django\\venv\\lib\\site-packages\\django\\db\\models\\fields\\related_lookups.py\", line 166, in get_prep_lookup\n    self.rhs = target_field.get_prep_value(self.rhs)\n  File \"C:\\Users\\Trewor\\PycharmProjects\\new_Project_Django\\venv\\lib\\site-packages\\django\\db\\models\\fields\\__init__.py\", line 2055, in get_prep_value\n    raise e.__class__(\n"}}, {"model": "django_apscheduler.djangojobexecution", "pk": 58, "fields": {"job": "my_job", "status": "Error!", "run_time": "2023-07-22T12:06:10Z", "duration": "0.05", "finished": "1690027570.05", "exception": "Field 'id' expected a number but got '╨рчэюх76'.", "traceback": "  File \"C:\\Users\\Trewor\\PycharmProjects\\new_Project_Django\\venv\\lib\\site-packages\\apscheduler\\executors\\base.py\", line 125, in run_job\n    retval = job.func(*job.args, **job.kwargs)\n  File \"C:\\Users\\Trewor\\PycharmProjects\\new_Project_Django\\NewsPaper\\news\\management\\commands\\runapscheduler.py\", line 27, in my_job\n    subscribers = Subscriber.objects.filter(category=i)\n  File \"C:\\Users\\Trewor\\PycharmProjects\\new_Project_Django\\venv\\lib\\site-packages\\django\\db\\models\\manager.py\", line 87, in manager_method\n    return getattr(self.get_queryset(), name)(*args, **kwargs)\n  File \"C:\\Users\\Trewor\\PycharmProjects\\new_Project_Django\\venv\\lib\\site-packages\\django\\db\\models\\query.py\", line 1436, in filter\n    return self._filter_or_exclude(False, args, kwargs)\n  File \"C:\\Users\\Trewor\\PycharmProjects\\new_Project_Django\\venv\\lib\\site-packages\\django\\db\\models\\query.py\", line 1454, in _filter_or_exclude\n    clone._filter_or_exclude_inplace(negate, args, kwargs)\n  File \"C:\\Users\\Trewor\\PycharmProjects\\new_Project_Django\\venv\\lib\\site-packages\\django\\db\\models\\query.py\", line 1461, in _filter_or_exclude_inplace\n    self._query.add_q(Q(*args, **kwargs))\n  File \"C:\\Users\\Trewor\\PycharmProjects\\new_Project_Django\\venv\\lib\\site-packages\\django\\db\\models\\sql\\query.py\", line 1534, in add_q\n    clause, _ = self._add_q(q_object, self.used_aliases)\n  File \"C:\\Users\\Trewor\\PycharmProjects\\new_Project_Django\\venv\\lib\\site-packages\\django\\db\\models\\sql\\query.py\", line 1565, in _add_q\n    child_clause, needed_inner = self.build_filter(\n  File \"C:\\Users\\Trewor\\PycharmProjects\\new_Project_Django\\venv\\lib\\site-packages\\django\\db\\models\\sql\\query.py\", line 1480, in build_filter\n    condition = self.build_lookup(lookups, col, value)\n  File \"C:\\Users\\Trewor\\PycharmProjects\\new_Project_Django\\venv\\lib\\site-packages\\django\\db\\models\\sql\\query.py\", line 1307, in build_lookup\n    lookup = lookup_class(lhs, rhs)\n  File \"C:\\Users\\Trewor\\PycharmProjects\\new_Project_Django\\venv\\lib\\site-packages\\django\\db\\models\\lookups.py\", line 27, in __init__\n    self.rhs = self.get_prep_lookup()\n  File \"C:\\Users\\Trewor\\PycharmProjects\\new_Project_Django\\venv\\lib\\site-packages\\django\\db\\models\\fields\\related_lookups.py\", line 166, in get_prep_lookup\n    self.rhs = target_field.get_prep_value(self.rhs)\n  File \"C:\\Users\\Trewor\\PycharmProjects\\new_Project_Django\\venv\\lib\\site-packages\\django\\db\\models\\fields\\__init__.py\", line 2055, in get_prep_value\n    raise e.__class__(\n"}}, {"model": "django_apscheduler.djangojobexecution", "pk": 59, "fields": {"job": "my_job", "status": "Error!", "run_time": "2023-07-22T12:07:30Z", "duration": "0.05", "finished": "1690027650.05", "exception": "Field 'id' expected a number but got '╨рчэюх'.", "traceback": "  File \"C:\\Users\\Trewor\\PycharmProjects\\new_Project_Django\\venv\\lib\\site-packages\\apscheduler\\executors\\base.py\", line 125, in run_job\n    retval = job.func(*job.args, **job.kwargs)\n  File \"C:\\Users\\Trewor\\PycharmProjects\\new_Project_Django\\NewsPaper\\news\\management\\commands\\runapscheduler.py\", line 27, in my_job\n    subscribers = Subscriber.objects.filter(category_id=i)\n  File \"C:\\Users\\Trewor\\PycharmProjects\\new_Project_Django\\venv\\lib\\site-packages\\django\\db\\models\\manager.py\", line 87, in manager_method\n    return getattr(self.get_queryset(), name)(*args, **kwargs)\n  File \"C:\\Users\\Trewor\\PycharmProjects\\new_Project_Django\\venv\\lib\\site-packages\\django\\db\\models\\query.py\", line 1436, in filter\n    return self._filter_or_exclude(False, args, kwargs)\n  File \"C:\\Users\\Trewor\\PycharmProjects\\new_Project_Django\\venv\\lib\\site-packages\\django\\db\\models\\query.py\", line 1454, in _filter_or_exclude\n    clone._filter_or_exclude_inplace(negate, args, kwargs)\n  File \"C:\\Users\\Trewor\\PycharmProjects\\new_Project_Django\\venv\\lib\\site-packages\\django\\db\\models\\query.py\", line 1461, in _filter_or_exclude_inplace\n    self._query.add_q(Q(*args, **kwargs))\n  File \"C:\\Users\\Trewor\\PycharmProjects\\new_Project_Django\\venv\\lib\\site-packages\\django\\db\\models\\sql\\query.py\", line 1534, in add_q\n    clause, _ = self._add_q(q_object, self.used_aliases)\n  File \"C:\\Users\\Trewor\\PycharmProjects\\new_Project_Django\\venv\\lib\\site-packages\\django\\db\\models\\sql\\query.py\", line 1565, in _add_q\n    child_clause, needed_inner = self.build_filter(\n  File \"C:\\Users\\Trewor\\PycharmProjects\\new_Project_Django\\venv\\lib\\site-packages\\django\\db\\models\\sql\\query.py\", line 1480, in build_filter\n    condition = self.build_lookup(lookups, col, value)\n  File \"C:\\Users\\Trewor\\PycharmProjects\\new_Project_Django\\venv\\lib\\site-packages\\django\\db\\models\\sql\\query.py\", line 1307, in build_lookup\n    lookup = lookup_class(lhs, rhs)\n  File \"C:\\Users\\Trewor\\PycharmProjects\\new_Project_Django\\venv\\lib\\site-packages\\django\\db\\models\\lookups.py\", line 27, in __init__\n    self.rhs = self.get_prep_lookup()\n  File \"C:\\Users\\Trewor\\PycharmProjects\\new_Project_Django\\venv\\lib\\site-packages\\django\\db\\models\\fields\\related_lookups.py\", line 166, in get_prep_lookup\n    self.rhs = target_field.get_prep_value(self.rhs)\n  File \"C:\\Users\\Trewor\\PycharmProjects\\new_Project_Django\\venv\\lib\\site-packages\\django\\db\\models\\fields\\__init__.py\", line 2055, in get_prep_value\n    raise e.__class__(\n"}}, {"model": "django_apscheduler.djangojobexecution", "pk": 60, "fields": {"job": "my_job", "status": "Error!", "run_time": "2023-07-22T12:09:30Z", "duration": "0.03", "finished": "1690027770.03", "exception": "Field 'id' expected a number but got 'IT'.", "traceback": "  File \"C:\\Users\\Trewor\\PycharmProjects\\new_Project_Django\\venv\\lib\\site-packages\\apscheduler\\executors\\base.py\", line 125, in run_job\n    retval = job.func(*job.args, **job.kwargs)\n  File \"C:\\Users\\Trewor\\PycharmProjects\\new_Project_Django\\NewsPaper\\news\\management\\commands\\runapscheduler.py\", line 27, in my_job\n    subscribers = Subscriber.objects.filter(category__id=i)\n  File \"C:\\Users\\Trewor\\PycharmProjects\\new_Project_Django\\venv\\lib\\site-packages\\django\\db\\models\\manager.py\", line 87, in manager_method\n    return getattr(self.get_queryset(), name)(*args, **kwargs)\n  File \"C:\\Users\\Trewor\\PycharmProjects\\new_Project_Django\\venv\\lib\\site-packages\\django\\db\\models\\query.py\", line 1436, in filter\n    return self._filter_or_exclude(False, args, kwargs)\n  File \"C:\\Users\\Trewor\\PycharmProjects\\new_Project_Django\\venv\\lib\\site-packages\\django\\db\\models\\query.py\", line 1454, in _filter_or_exclude\n    clone._filter_or_exclude_inplace(negate, args, kwargs)\n  File \"C:\\Users\\Trewor\\PycharmProjects\\new_Project_Django\\venv\\lib\\site-packages\\django\\db\\models\\query.py\", line 1461, in _filter_or_exclude_inplace\n    self._query.add_q(Q(*args, **kwargs))\n  File \"C:\\Users\\Trewor\\PycharmProjects\\new_Project_Django\\venv\\lib\\site-packages\\django\\db\\models\\sql\\query.py\", line 1534, in add_q\n    clause, _ = self._add_q(q_object, self.used_aliases)\n  File \"C:\\Users\\Trewor\\PycharmProjects\\new_Project_Django\\venv\\lib\\site-packages\\django\\db\\models\\sql\\query.py\", line 1565, in _add_q\n    child_clause, needed_inner = self.build_filter(\n  File \"C:\\Users\\Trewor\\PycharmProjects\\new_Project_Django\\venv\\lib\\site-packages\\django\\db\\models\\sql\\query.py\", line 1480, in build_filter\n    condition = self.build_lookup(lookups, col, value)\n  File \"C:\\Users\\Trewor\\PycharmProjects\\new_Project_Django\\venv\\lib\\site-packages\\django\\db\\models\\sql\\query.py\", line 1307, in build_lookup\n    lookup = lookup_class(lhs, rhs)\n  File \"C:\\Users\\Trewor\\PycharmProjects\\new_Project_Django\\venv\\lib\\site-packages\\django\\db\\models\\lookups.py\", line 27, in __init__\n    self.rhs = self.get_prep_lookup()\n  File \"C:\\Users\\Trewor\\PycharmProjects\\new_Project_Django\\venv\\lib\\site-packages\\django\\db\\models\\lookups.py\", line 341, in get_prep_lookup\n    return super().get_prep_lookup()\n  File \"C:\\Users\\Trewor\\PycharmProjects\\new_Project_Django\\venv\\lib\\site-packages\\django\\db\\models\\lookups.py\", line 85, in get_prep_lookup\n    return self.lhs.output_field.get_prep_value(self.rhs)\n  File \"C:\\Users\\Trewor\\PycharmProjects\\new_Project_Django\\venv\\lib\\site-packages\\django\\db\\models\\fields\\__init__.py\", line 2055, in get_prep_value\n    raise e.__class__(\n"}}, {"model": "django_apscheduler.djangojobexecution", "pk": 61, "fields": {"job": "my_job", "status": "Error!", "run_time": "2023-07-22T12:09:40Z", "duration": "0.03", "finished": "1690027780.03", "exception": "Field 'id' expected a number but got 'IT'.", "traceback": "  File \"C:\\Users\\Trewor\\PycharmProjects\\new_Project_Django\\venv\\lib\\site-packages\\apscheduler\\executors\\base.py\", line 125, in run_job\n    retval = job.func(*job.args, **job.kwargs)\n  File \"C:\\Users\\Trewor\\PycharmProjects\\new_Project_Django\\NewsPaper\\news\\management\\commands\\runapscheduler.py\", line 27, in my_job\n    subscribers = Subscriber.objects.filter(category__id=i)\n  File \"C:\\Users\\Trewor\\PycharmProjects\\new_Project_Django\\venv\\lib\\site-packages\\django\\db\\models\\manager.py\", line 87, in manager_method\n    return getattr(self.get_queryset(), name)(*args, **kwargs)\n  File \"C:\\Users\\Trewor\\PycharmProjects\\new_Project_Django\\venv\\lib\\site-packages\\django\\db\\models\\query.py\", line 1436, in filter\n    return self._filter_or_exclude(False, args, kwargs)\n  File \"C:\\Users\\Trewor\\PycharmProjects\\new_Project_Django\\venv\\lib\\site-packages\\django\\db\\models\\query.py\", line 1454, in _filter_or_exclude\n    clone._filter_or_exclude_inplace(negate, args, kwargs)\n  File \"C:\\Users\\Trewor\\PycharmProjects\\new_Project_Django\\venv\\lib\\site-packages\\django\\db\\models\\query.py\", line 1461, in _filter_or_exclude_inplace\n    self._query.add_q(Q(*args, **kwargs))\n  File \"C:\\Users\\Trewor\\PycharmProjects\\new_Project_Django\\venv\\lib\\site-packages\\django\\db\\models\\sql\\query.py\", line 1534, in add_q\n    clause, _ = self._add_q(q_object, self.used_aliases)\n  File \"C:\\Users\\Trewor\\PycharmProjects\\new_Project_Django\\venv\\lib\\site-packages\\django\\db\\models\\sql\\query.py\", line 1565, in _add_q\n    child_clause, needed_inner = self.build_filter(\n  File \"C:\\Users\\Trewor\\PycharmProjects\\new_Project_Django\\venv\\lib\\site-packages\\django\\db\\models\\sql\\query.py\", line 1480, in build_filter\n    condition = self.build_lookup(lookups, col, value)\n  File \"C:\\Users\\Trewor\\PycharmProjects\\new_Project_Django\\venv\\lib\\site-packages\\django\\db\\models\\sql\\query.py\", line 1307, in build_lookup\n    lookup = lookup_class(lhs, rhs)\n  File \"C:\\Users\\Trewor\\PycharmProjects\\new_Project_Django\\venv\\lib\\site-packages\\django\\db\\models\\lookups.py\", line 27, in __init__\n    self.rhs = self.get_prep_lookup()\n  File \"C:\\Users\\Trewor\\PycharmProjects\\new_Project_Django\\venv\\lib\\site-packages\\django\\db\\models\\lookups.py\", line 341, in get_prep_lookup\n    return super().get_prep_lookup()\n  File \"C:\\Users\\Trewor\\PycharmProjects\\new_Project_Django\\venv\\lib\\site-packages\\django\\db\\models\\lookups.py\", line 85, in get_prep_lookup\n    return self.lhs.output_field.get_prep_value(self.rhs)\n  File \"C:\\Users\\Trewor\\PycharmProjects\\new_Project_Django\\venv\\lib\\site-packages\\django\\db\\models\\fields\\__init__.py\", line 2055, in get_prep_value\n    raise e.__class__(\n"}}, {"model": "django_apscheduler.djangojobexecution", "pk": 62, "fields": {"job": "my_job", "status": "Executed", "run_time": "2023-07-22T12:10:10Z", "duration": "0.07", "finished": "1690027810.07", "exception": null, "traceback": null}}, {"model": "django_apscheduler.djangojobexecution", "pk": 63, "fields": {"job": "my_job", "status": "Error!", "run_time": "2023-07-22T13:03:20Z", "duration": "0.02", "finished": "1690031000.02", "exception": "'QuerySet' object has no attribute 'user'", "traceback": "  File \"C:\\Users\\Trewor\\PycharmProjects\\new_Project_Django\\venv\\lib\\site-packages\\apscheduler\\executors\\base.py\", line 125, in run_job\n    retval = job.func(*job.args, **job.kwargs)\n  File \"C:\\Users\\Trewor\\PycharmProjects\\new_Project_Django\\NewsPaper\\news\\management\\commands\\runapscheduler.py\", line 29, in my_job\n    for b in subscribers.user:\n"}}, {"model": "django_apscheduler.djangojobexecution", "pk": 64, "fields": {"job": "my_job", "status": "Error!", "run_time": "2023-07-22T13:03:30Z", "duration": "0.04", "finished": "1690031010.04", "exception": "'QuerySet' object has no attribute 'user'", "traceback": "  File \"C:\\Users\\Trewor\\PycharmProjects\\new_Project_Django\\venv\\lib\\site-packages\\apscheduler\\executors\\base.py\", line 125, in run_job\n    retval = job.func(*job.args, **job.kwargs)\n  File \"C:\\Users\\Trewor\\PycharmProjects\\new_Project_Django\\NewsPaper\\news\\management\\commands\\runapscheduler.py\", line 29, in my_job\n    for b in subscribers.user:\n"}}, {"model": "django_apscheduler.djangojobexecution", "pk": 65, "fields": {"job": "my_job", "status": "Error!", "run_time": "2023-07-22T16:15:10Z", "duration": "0.03", "finished": "1690042510.03", "exception": "Field 'id' expected a number but got 'IT'.", "traceback": "  File \"C:\\Users\\Trewor\\PycharmProjects\\new_Project_Django\\venv\\lib\\site-packages\\apscheduler\\executors\\base.py\", line 125, in run_job\n    retval = job.func(*job.args, **job.kwargs)\n  File \"C:\\Users\\Trewor\\PycharmProjects\\new_Project_Django\\NewsPaper\\news\\management\\commands\\runapscheduler.py\", line 25, in my_job\n    subscribers = set(Subscriber.objects.filter(user__in=category).values_list('subscriber__user', flat=True))\n  File \"C:\\Users\\Trewor\\PycharmProjects\\new_Project_Django\\venv\\lib\\site-packages\\django\\db\\models\\manager.py\", line 87, in manager_method\n    return getattr(self.get_queryset(), name)(*args, **kwargs)\n  File \"C:\\Users\\Trewor\\PycharmProjects\\new_Project_Django\\venv\\lib\\site-packages\\django\\db\\models\\query.py\", line 1436, in filter\n    return self._filter_or_exclude(False, args, kwargs)\n  File \"C:\\Users\\Trewor\\PycharmProjects\\new_Project_Django\\venv\\lib\\site-packages\\django\\db\\models\\query.py\", line 1454, in _filter_or_exclude\n    clone._filter_or_exclude_inplace(negate, args, kwargs)\n  File \"C:\\Users\\Trewor\\PycharmProjects\\new_Project_Django\\venv\\lib\\site-packages\\django\\db\\models\\query.py\", line 1461, in _filter_or_exclude_inplace\n    self._query.add_q(Q(*args, **kwargs))\n  File \"C:\\Users\\Trewor\\PycharmProjects\\new_Project_Django\\venv\\lib\\site-packages\\django\\db\\models\\sql\\query.py\", line 1534, in add_q\n    clause, _ = self._add_q(q_object, self.used_aliases)\n  File \"C:\\Users\\Trewor\\PycharmProjects\\new_Project_Django\\venv\\lib\\site-packages\\django\\db\\models\\sql\\query.py\", line 1565, in _add_q\n    child_clause, needed_inner = self.build_filter(\n  File \"C:\\Users\\Trewor\\PycharmProjects\\new_Project_Django\\venv\\lib\\site-packages\\django\\db\\models\\sql\\query.py\", line 1480, in build_filter\n    condition = self.build_lookup(lookups, col, value)\n  File \"C:\\Users\\Trewor\\PycharmProjects\\new_Project_Django\\venv\\lib\\site-packages\\django\\db\\models\\sql\\query.py\", line 1307, in build_lookup\n    lookup = lookup_class(lhs, rhs)\n  File \"C:\\Users\\Trewor\\PycharmProjects\\new_Project_Django\\venv\\lib\\site-packages\\django\\db\\models\\lookups.py\", line 27, in __init__\n    self.rhs = self.get_prep_lookup()\n  File \"C:\\Users\\Trewor\\PycharmProjects\\new_Project_Django\\venv\\lib\\site-packages\\django\\db\\models\\fields\\related_lookups.py\", line 92, in get_prep_lookup\n    self.rhs = [target_field.get_prep_value(v) for v in self.rhs]\n  File \"C:\\Users\\Trewor\\PycharmProjects\\new_Project_Django\\venv\\lib\\site-packages\\django\\db\\models\\fields\\related_lookups.py\", line 92, in <listcomp>\n    self.rhs = [target_field.get_prep_value(v) for v in self.rhs]\n  File \"C:\\Users\\Trewor\\PycharmProjects\\new_Project_Django\\venv\\lib\\site-packages\\django\\db\\models\\fields\\__init__.py\", line 2055, in get_prep_value\n    raise e.__class__(\n"}}, {"model": "django_apscheduler.djangojobexecution", "pk": 66, "fields": {"job": "my_job", "status": "Error!", "run_time": "2023-07-22T16:16:20Z", "duration": "0.05", "finished": "1690042580.05", "exception": "'QuerySet' object has no attribute 'objects'", "traceback": "  File \"C:\\Users\\Trewor\\PycharmProjects\\new_Project_Django\\venv\\lib\\site-packages\\apscheduler\\executors\\base.py\", line 125, in run_job\n    retval = job.func(*job.args, **job.kwargs)\n  File \"C:\\Users\\Trewor\\PycharmProjects\\new_Project_Django\\NewsPaper\\news\\management\\commands\\runapscheduler.py\", line 34, in my_job\n    post_send = post.objects.filter(post_category=cat)\n"}}, {"model": "django_apscheduler.djangojobexecution", "pk": 67, "fields": {"job": "my_job", "status": "Error!", "run_time": "2023-07-24T15:55:20Z", "duration": "0.05", "finished": "1690214120.05", "exception": "name 'email_user' is not defined", "traceback": "  File \"C:\\python-3.10.8-amd64\\lib\\site-packages\\apscheduler\\executors\\base.py\", line 125, in run_job\n    retval = job.func(*job.args, **job.kwargs)\n  File \"C:\\Users\\Trewor\\PycharmProjects\\new_Project_Django\\NewsPaper\\news\\management\\commands\\runapscheduler.py\", line 42, in my_job\n    to=email_user,\n"}}, {"model": "django_apscheduler.djangojobexecution", "pk": 68, "fields": {"job": "my_job", "status": "Error!", "run_time": "2023-07-24T15:55:30Z", "duration": "0.07", "finished": "1690214130.07", "exception": "name 'email_user' is not defined", "traceback": "  File \"C:\\python-3.10.8-amd64\\lib\\site-packages\\apscheduler\\executors\\base.py\", line 125, in run_job\n    retval = job.func(*job.args, **job.kwargs)\n  File \"C:\\Users\\Trewor\\PycharmProjects\\new_Project_Django\\NewsPaper\\news\\management\\commands\\runapscheduler.py\", line 42, in my_job\n    to=email_user,\n"}}, {"model": "django_apscheduler.djangojobexecution", "pk": 69, "fields": {"job": "my_job", "status": "Executed", "run_time": "2023-07-24T15:57:10Z", "duration": "0.07", "finished": "1690214230.07", "exception": null, "traceback": null}}, {"model": "django_apscheduler.djangojobexecution", "pk": 70, "fields": {"job": "my_job", "status": "Executed", "run_time": "2023-07-24T15:58:40Z", "duration": "0.08", "finished": "1690214320.08", "exception": null, "traceback": null}}, {"model": "django_apscheduler.djangojobexecution", "pk": 71, "fields": {"job": "my_job", "status": "Executed", "run_time": "2023-07-24T15:58:50Z", "duration": "0.05", "finished": "1690214330.05", "exception": null, "traceback": null}}, {"model": "django_apscheduler.djangojobexecution", "pk": 72, "fields": {"job": "my_job", "status": "Executed", "run_time": "2023-07-24T15:59:00Z", "duration": "0.06", "finished": "1690214340.06", "exception": null, "traceback": null}}]
